date,cpi_headline,cpi_core,cpi_headline_unadjusted,cpi_core_unadjusted,cpi_energy,cpi_food,cpi_shelter,cpi_core_goods,cpi_medical_services,ppi_final_demand,ppi_final_demand_goods,ppi_final_demand_services,ppi_energy,ppi_less_food_energy_trade,ahe_total_private,payems,unrate,civpart,cpi_headline_mom,cpi_headline_yoy,cpi_headline_ann3,cpi_core_mom,cpi_core_yoy,cpi_core_ann3,cpi_headline_unadjusted_mom,cpi_headline_unadjusted_yoy,cpi_headline_unadjusted_ann3,cpi_core_unadjusted_mom,cpi_core_unadjusted_yoy,cpi_core_unadjusted_ann3,cpi_energy_mom,cpi_energy_yoy,cpi_energy_ann3,cpi_food_mom,cpi_food_yoy,cpi_food_ann3,cpi_shelter_mom,cpi_shelter_yoy,cpi_shelter_ann3,cpi_core_goods_mom,cpi_core_goods_yoy,cpi_core_goods_ann3,cpi_medical_services_mom,cpi_medical_services_yoy,cpi_medical_services_ann3,ppi_final_demand_mom,ppi_final_demand_yoy,ppi_final_demand_ann3,ppi_final_demand_goods_mom,ppi_final_demand_goods_yoy,ppi_final_demand_goods_ann3,ppi_final_demand_services_mom,ppi_final_demand_services_yoy,ppi_final_demand_services_ann3,ppi_energy_mom,ppi_energy_yoy,ppi_energy_ann3,ppi_less_food_energy_trade_mom,ppi_less_food_energy_trade_yoy,ppi_less_food_energy_trade_ann3,ahe_total_private_mom,ahe_total_private_yoy,ahe_total_private_ann3,payroll_change_k,payroll_three_month_avg_k,real_ahe_index,real_ahe_yoy,cpi_headline_release_yoy,cpi_core_release_yoy,contrib_energy_mom_pp,contrib_food_mom_pp,contrib_core_goods_mom_pp,contrib_shelter_mom_pp,contrib_other_services_mom_pp,fed_target_upper,fed_target_lower,fed_target_midpoint
2019-01-01,252.561,260.766,251.712,260.122,204.34,256.302,312.998,144.788,525.384,117.0,113.9,117.8,97.4,109.8,27.59,150060.0,4.0,63.1,,,,,,,,,,,,,,,,,,,,,,,,,,,,,,,,,,,,,,,,,,,,,,,,10.924093585312063,,,,,,,,,,,
2019-02-01,253.319,261.186,252.776,261.114,208.144,256.998,314.072,144.749,526.258,117.2,114.3,118.1,99.5,109.9,27.69,150067.0,3.8,63.1,0.3001255142321968,,,0.16106394238510902,,,0.4227053140096748,,,0.38135951591944384,,,1.861603210335705,,,0.27155465037338455,,,0.3431331829596429,,,-0.02693593391718263,,,0.16635451403164137,,,0.17094017094017033,,,0.3511852502194879,,,0.2546689303905003,,,2.1560574948665145,,,0.09107468123863427,,,0.36245016310256783,,,7.0,,10.93088161567036,,,,0.12100420867182082,0.038832315003393986,-0.004983147774678787,0.12490047859731002,0.020371659734350733,,,
2019-03-01,254.277,261.567,254.202,261.836,214.934,257.374,315.051,144.733,527.381,117.6,115.4,118.5,104.7,110.1,27.77,150295.0,3.8,63.0,0.37817929172307974,,,0.1458730559831034,,,0.5641358356806014,,,0.2765075790650995,,,3.262164655238675,,,0.1463046405030477,,,0.311711964135597,,,-0.011053616950718048,,,0.213393430598674,,,0.3412969283276279,,,0.9623797025371861,,,0.3386960203217715,,,5.2261306532663365,,,0.18198362147405778,,,0.2889129649692901,,,228.0,,10.921160781352619,,,,0.21204070259051389,0.02092156359193582,-0.002044919135882839,0.1134631549453573,0.033798789731155576,,,
2019-04-01,255.233,261.997,255.548,262.332,222.42,257.018,316.172,144.37,528.889,118.2,116.3,119.1,109.3,110.4,27.79,150591.0,3.7,62.8,0.3759679404743643,,4.2994809018042535,0.1643938264383582,,1.9016961591955317,0.5295001612890538,,6.236624673774971,0.18943155257489241,,3.44196053549779,3.482929643518462,,40.37242075086746,-0.13832011003444,,1.1221229580050895,0.35581540766416175,,4.118373669484399,-0.2508066577767365,,-1.1498006607469247,0.28594128343646386,,2.69534715336881,0.5102040816326703,,4.166113144878114,0.7798960138648114,,8.698603012540218,0.5063291139240533,,4.487871927877163,4.393505253104091,,58.5786879588867,0.2724795640327127,,2.2037740385919324,0.07202016564638036,,2.931282778315625,296.0,177.0,10.888090489866121,,,,0.22639042682870003,-0.01977977573492492,-0.04639923168869625,0.12951680838975488,0.08623971267953057,,,
2019-05-01,255.296,262.217,256.092,262.59,220.523,257.523,317.03,144.146,531.474,118.3,116.4,119.2,110.3,110.6,27.88,150618.0,3.6,62.9,0.02468332856644384,,3.1584911773706814,0.08397042714227698,,1.5883251039966018,0.21287585893843275,,5.351493998850421,0.09834865742646137,,2.280325550870077,-0.8528909270749008,,25.9969355847794,0.19648429292891123,,0.8196342551194613,0.27137127892411517,,3.820845735474454,-0.15515688855026744,,-1.6559491498091106,0.4887604015209268,,4.023928309927771,0.08460236886631556,,3.8074521340589307,0.08598452278589797,,7.5541072258555,0.08396305625526512,,3.7780321174144094,0.9149130832570851,,51.01139754059749,0.18115942028984477,,2.5722159855434468,0.32385750269881,,2.7730522309694416,27.0,183.66666666666666,10.920656806217096,,,,-0.05543791025986855,0.028097253888834304,-0.028704024381799476,0.09877914552837792,-0.018051136209100357,,,
2019-06-01,255.213,262.739,256.143,263.177,214.926,257.664,317.949,144.173,533.2,118.2,116.0,119.3,107.5,110.6,27.97,150838.0,3.6,63.0,-0.03251128102280676,,1.4805599461274799,0.1990717611749071,,1.8043569789720992,0.019914718148150712,,3.089424326050483,0.22354240450894736,,2.06440240451089,-2.53805725479882,,-0.014887460080481585,0.05475239104855145,,0.4514683084335447,0.28987792953349967,,3.730483886465108,0.018731008838268615,,-1.5387181992224552,0.32475718473528037,,4.487092734387699,-0.08453085376162184,,2.0564880107093675,-0.3436426116838587,,2.09599867189052,0.0838926174496546,,2.7278912700566815,-2.5385312783318237,,11.134047156629489,0.0,,1.8289421183613541,0.3228120516499233,,2.9120777451349555,220.0,181.0,10.95947306759452,,,,-0.1649737215619233,0.007829591919942857,0.0034652366350796937,0.10551556635019388,0.015652045633900102,,,
2019-07-01,255.802,263.28,256.571,263.566,216.696,257.836,318.777,144.206,535.551,118.5,116.2,119.5,108.8,110.8,28.03,150937.0,3.7,63.1,0.23078761661827762,,0.8947206158462562,0.2059077639787077,,1.973236466672379,0.16709416224534035,,1.6109056022754142,0.14780926904705005,,1.894903210462906,0.8235392646771533,,-9.90343504169282,0.06675360158967525,,1.2791530738667234,0.26041912382173127,,3.336629205495689,0.022889167874695637,,-0.4536143601335474,0.4409227306826802,,5.1344870756983685,0.2538071065989911,,1.0191000532905337,0.17241379310344307,,-0.34349474508447164,0.16764459346185756,,1.3501918690415282,1.209302325581385,,-1.8173084256024374,0.1808318264014508,,1.4571709014402412,0.2145155523775477,,3.4994886048453466,99.0,115.33333333333333,10.957693841330403,,,,0.053530052204014966,0.00954576502732356,0.004234496056818693,0.09479256107111018,0.06868474225901022,,,
2019-08-01,256.036,263.877,256.558,264.169,213.847,258.046,319.37,144.225,538.727,118.6,115.7,119.9,106.9,110.9,28.14,151169.0,3.6,63.1,0.09147700174354512,,1.1644893199990625,0.2267547857794039,,2.556401626183291,-0.005066823608290694,,0.7298525296141056,0.22878519991198498,,2.427052649614847,-1.3147450806660022,,-11.570518176075073,0.08144712142601485,,0.8148326770290426,0.1860234584051046,,2.98525066274522,0.0131755960223634,,0.21940246223179916,0.5930340901239894,,5.571544356251867,0.08438818565399409,,1.0182353238361141,-0.43029259896729677,,-2.383886063732288,0.33472803347280866,,2.369766050552924,-1.746323529411753,,-11.771525321149745,0.09025270758122872,,1.0894134668538946,0.39243667499107016,,3.782778769966022,232.0,183.66666666666666,10.99064194097705,,,,-0.08545843024329014,0.011646938363920122,0.002437485264137229,0.06771253885945806,0.09513846949931984,,,
2019-09-01,256.43,264.388,256.759,264.522,213.015,258.575,320.436,144.175,541.136,118.3,115.2,119.4,105.1,110.9,28.16,151365.0,3.5,63.2,0.1538846099767177,,1.9211133031748817,0.19365082974263093,,2.534209560080214,0.07834485769300237,,0.9654383661544585,0.13362657995450444,,2.0599761654668702,-0.3890632087427126,,-3.5094189669276243,0.20500220890848908,,1.4217629350440797,0.3337821335754665,,3.165705779255057,-0.034668053388786646,,0.00554900464595498,0.44716526181163285,,6.087727216066607,-0.2529510961214121,,0.3388391713841976,-0.4321521175453813,,-2.730214214718063,-0.4170141784820669,,0.3357109931990232,-1.6838166510757868,,-8.635599873916055,0.0,,1.0894134668538946,0.0710732054015617,,2.745009442281443,196.0,175.66666666666666,10.981554420309635,,,,-0.02528910856827632,0.029315315873913936,-0.0064135898769255295,0.1214966966214698,0.03477529592653583,,,
2019-10-01,257.155,264.97,257.346,265.059,215.268,259.088,320.862,144.225,546.096,118.8,115.6,120.0,104.8,110.9,28.24,151460.0,3.6,63.3,0.2827282299262768,,2.1325438094435434,0.2201310195621753,,2.59243689748192,0.22861905522297832,,1.2137280228980751,0.2030076893415389,,2.28517165495683,1.057671994929943,,-2.610009218776488,0.19839504979213274,,1.9565130525271313,0.1329438639853242,,2.6420289271764874,0.034680076296145224,,0.052712800784204816,0.9165902841429929,,8.111686826739305,0.4226542688081203,,1.0165102598888032,0.3472222222222099,,-2.049462362786625,0.5025125628140614,,1.6841735157093973,-0.2854424357754515,,-13.914590611474198,0.0,,0.3614998575280248,0.28409090909089496,,3.0306354729171536,95.0,174.33333333333334,10.981703641772473,,,,0.06874867967044629,0.028370492120274978,0.006415814114786866,0.04839156649065801,0.13080167753011063,,,
2019-11-01,257.879,265.548,257.208,265.108,217.488,259.624,321.611,144.257,548.767,118.6,115.6,119.2,103.2,111.0,28.34,151667.0,3.6,63.3,0.281542260504386,,2.910520563122132,0.2181379024040364,,2.5571603660805575,-0.053624303466914824,,1.0172738742104892,0.018486450186561143,,1.4294159390984218,1.0312726461898736,,6.986394070849955,0.20687951584017483,,2.4686044382364214,0.2334336880029264,,2.836456745636884,0.022187554168850987,,0.08877975829830742,0.4891081421581678,,7.665603862132442,-0.16835016835017313,,0.0,0.0,,-0.3452737391557159,-0.6666666666666599,,-2.3149081432721985,-1.5267175572518998,,-13.142371337070246,0.09017132551847329,,0.36117344748520797,0.3541076487252104,,2.8733804820762154,207.0,166.0,10.98965018477658,,,,0.06703272200234178,0.029583770765144998,0.004104697521237433,0.08496986243306522,0.09585120778259659,,,
2019-12-01,258.63,266.02,256.974,264.935,221.18,260.052,322.247,144.38,550.659,119.0,115.5,119.3,102.6,111.2,28.38,151794.0,3.6,63.3,0.29122185210892493,,3.4761519298788013,0.17774564297226014,,2.492054347720485,-0.09097695250538385,,0.3353653811399848,-0.06525642379709984,,0.6259868543609493,1.6975649231222079,,16.236538686407243,0.16485378855575217,,2.3044816614574692,0.1977544300412637,,2.2799070038153513,0.08526449323082996,,0.5699674525217135,0.34477291819658973,,7.227272386957662,0.3372681281618828,,2.3879545661980917,-0.08650519031141446,,1.045742745936673,0.0838926174496546,,-0.33458774535592983,-0.5813953488372214,,-9.180610332567142,0.18018018018017834,,1.0864544985157876,0.14114326040930436,,3.161812201142311,127.0,143.0,10.973204964621273,,,,0.11034172000294351,0.023574091763472558,0.015773931247703543,0.07198261253501999,0.06954949655978532,,,
2020-01-01,259.127,266.716,257.971,266.004,220.147,260.858,323.487,144.308,552.331,119.2,116.0,120.0,103.6,111.5,28.43,152031.0,3.6,63.3,0.19216641534238743,2.599767976845202,3.102875216144496,0.2616344635741674,2.2817391837892886,2.6619370370557505,0.3879769937814803,2.4865719552504606,0.9749994727498157,0.4034951969350997,2.261246645804671,1.433742307769248,-0.46704041956777687,7.735636683958114,9.378807129608457,0.30993801239751484,1.777590498708559,2.76079292817486,0.38479799656785385,3.3511396238953717,3.312812463820336,-0.04986840282588112,-0.3315191866729461,0.2303946637782328,0.3036361886394445,5.1290104000121906,4.6457739231613004,0.1680672268907557,1.8803418803418737,1.3536186549560902,0.43290043290042934,1.843722563652328,1.3912834530279916,0.5867560771165126,1.8675721561969505,0.0,0.974658869395717,6.365503080082124,-4.502084717876742,0.2697841726618577,1.5482695810564717,2.1817379188728614,0.17618040873854657,3.0445813700616053,2.7185001138396947,237.0,190.33333333333334,10.971454151825167,0.4335422993517968,2.4865719552504606,2.261246645804671,-0.030357627271905496,0.04432113577284462,-0.009225654522788007,0.1400664707506988,0.04736209061353752,,,
2020-02-01,259.25,267.37,258.678,267.268,214.294,261.567,324.483,144.717,554.332,118.6,115.0,119.7,99.6,111.4,28.54,152293.0,3.5,63.3,0.04746707213065804,2.3413166797595197,2.143597695430355,0.2452046371421268,2.3676613601035346,2.772888981975563,0.2740618131495287,2.3348735639459495,2.305760538958479,0.47518082434849784,2.3568249883192838,3.299096185765027,-2.658678065111031,2.9546852179260563,-5.746204560446366,0.27179538292865235,1.7778348469637884,3.0273331503563705,0.30789490767788585,3.314845003693412,3.620150013911161,0.2834215705297183,-0.022107233901436096,1.2816152309465867,0.362282761604904,5.334645744102695,4.118487475292465,-0.5033557046979942,1.1945392491467421,0.0,-0.8620689655172376,0.6124234470691103,-2.060016824737798,-0.24999999999999467,1.3547840812870415,1.6884388585368004,-3.8610038610038644,0.10050251256281673,-13.24019553931337,-0.08968609865470656,1.364877161055511,1.4492517521634385,0.38691523039042774,3.069700252798846,2.8528881748723256,262.0,208.66666666666666,11.00867888138862,0.7117199550192854,2.3348735639459495,2.3568249883192838,-0.172814074232217,0.038866739758797286,0.05243299054799788,0.11207374639475044,0.016907669661329436,,,
2020-03-01,258.076,267.054,258.115,267.312,201.681,262.239,324.54,144.488,556.748,118.0,113.4,120.0,91.5,111.2,28.73,150895.0,4.4,62.6,-0.4528447444551498,1.4940399642909163,-0.8540733741588147,-0.11818827841568735,2.097741687598198,1.5638587458973507,-0.21764510317846542,1.5393269919198094,1.787919113408365,0.016462876214151656,2.0913854473792792,3.6373925368007987,-5.885839080888877,-6.166078889333459,-30.868412597215833,0.2569131427129445,1.8902453239254768,3.406616425168596,0.017566405636038063,3.0118933125113267,2.8767878288964877,-0.1582398750665237,-0.16927722081350183,0.29954631018374034,0.4358398937820862,5.56845999381852,4.496969419586794,-0.5059021922428242,0.3401360544217802,-3.319211516339915,-1.3913043478260834,-1.7331022530329254,-7.076773444436856,0.25062656641603454,1.2658227848101333,2.3677621926238013,-8.132530120481917,-12.60744985673352,-36.7449893541393,-0.17953321364452268,0.9990917347865613,0.0,0.6657323055361042,3.4569679510262796,5.025060281201044,-1398.0,-299.6666666666667,11.132379609107394,1.9340327643140531,1.5393269919198094,2.0913854473792792,-0.382579540257777,0.03673857940795106,-0.029274376887306885,0.006394171651517855,-0.08412357836953477,,,
2020-04-01,256.032,265.746,256.389,266.089,182.586,265.777,324.391,143.211,559.62,116.6,110.3,119.5,75.7,110.3,30.04,130426.0,14.8,60.1,-0.7920147553434065,0.3130472940411133,-4.692664861410889,-0.48978858208451603,1.4309324152566472,-1.4468141911167853,-0.6686941866997254,0.3290966863368272,-2.4305166809340695,-0.4575178069072927,1.4321546742296132,0.12787890490135734,-9.467922114626559,-17.90936066900457,-52.68282461931941,1.349150965340784,3.4079325183450138,7.758847756564435,-0.0459111357613895,2.5995344306263712,1.1225136985683726,-0.8838104202425034,-0.8027983653113524,-3.0062214613756244,0.5158527736067287,5.810481972587822,5.38413435817322,-1.1864406779661052,-1.3536379018612599,-8.443500450949337,-2.733686067019403,-5.159071367153912,-18.253325782059683,-0.4166666666666652,0.3358522250209939,-1.6562789050443616,-17.267759562841523,-30.741079597438237,-71.49346074611829,-0.8093525179856176,-0.09057971014493349,-4.235933352686572,4.559693699965184,8.096437567470316,24.649997625495622,-20469.0,-7201.666666666667,11.732908386451694,7.759100618899795,0.3290966863368272,1.4321546742296132,-0.6154149374507263,0.1929285880437321,-0.16350492774486314,-0.016711653417145776,-0.18931182477440345,,,
2020-05-01,255.802,265.412,256.394,265.799,180.04,267.464,324.973,142.711,562.645,117.2,112.2,119.4,80.0,110.4,29.72,133040.0,13.2,60.8,-0.08983252093487382,0.1982013035848551,-5.214766871657483,-0.12568392374673332,1.2184564692601985,-2.8972534222683755,0.0019501616683959,0.11792637021070806,-3.4853026028275225,-0.10898609111990032,1.2220571994363771,-2.1804826579723935,-1.394411400655049,-18.357722323748547,-50.17630052655233,0.6347426602000938,3.8602377263389887,9.327529886553986,0.17941311565363716,2.505441125445551,0.6054074170697588,-0.34913519212909083,-0.9955184327001598,-5.430391005256052,0.5405453700725538,5.865009388982334,6.134861060888364,0.5145797598627766,-0.9298393913778513,-4.6388037024214235,1.7225747960108784,-3.6082474226804107,-9.389178829063649,-0.08368200836819106,0.1677852348993314,-0.9987437382813269,5.680317040951111,-27.470534904805078,-58.37803360183542,0.09066183136900996,-0.1808318264014397,-3.542604698663765,-1.0652463382157085,6.599713055954082,17.592424655097496,2614.0,-6417.666666666667,11.61836107614483,6.388848970425776,0.11792637021070806,1.2220571994363771,-0.09063674104257818,0.09076820040861341,-0.0645900105438818,0.06530637409792392,-0.09068034385495116,,,
2020-06-01,257.042,265.849,257.797,266.302,188.734,268.849,325.425,142.586,564.929,117.5,113.0,119.6,89.0,110.6,29.38,137671.0,11.0,61.5,0.4847499237691677,0.7166562831830481,-1.5930228135305535,0.16464967672902286,1.1836841884912408,-1.7926991719821372,0.5472046927775365,0.6457330475554857,-0.4918936353780268,0.18924074206450037,1.1874137937585738,-1.5027985203879934,4.8289269051321915,-12.186520011538848,-23.309665275094325,0.5178266981724633,4.340924615002484,10.470057793975517,0.13908847811971992,2.3513204947963384,1.0952444614877432,-0.08758960416506145,-1.1007608914290423,-5.162428434811838,0.4059398021843297,5.950675168792174,6.0085306499411795,0.25597269624573205,-0.5922165820642977,-1.6841728870976902,0.7130124777183555,-2.5862068965517238,-1.4034870205889893,0.16750418760467234,0.25146689019279744,-1.3266814691358375,11.250000000000004,-17.209302325581397,-10.489156372518282,0.18115942028984477,0.0,-2.1408680912555655,-1.144010767160164,5.04111548087236,9.361551237822074,4631.0,-4408.0,11.430038670723073,4.293688211342417,0.6457330475554857,1.1874137937585738,0.31388024883359245,0.07404921783866225,-0.01620407677053637,0.05062820603557805,0.06239632783187132,,,
2020-07-01,258.352,267.389,259.101,267.703,191.966,267.824,326.249,143.375,567.284,118.2,113.7,120.3,93.3,111.0,29.39,139255.0,10.2,61.5,0.5096443382793581,0.9968647625897997,3.6741102382047197,0.5792762056656242,1.560695837131587,2.4960675325931048,0.5058243501669724,0.9860818253037085,4.298677759531944,0.5260944341386686,1.5696258242717143,2.4484204698513867,1.7124630432248544,-11.412301103850552,22.187664738933922,-0.3812549051698033,3.873780232395796,3.1165533297358383,0.25320734424214564,2.3439583156877886,2.310821222146031,0.5533502587911743,-0.5762589628725445,0.4588528125210045,0.41686654429140546,5.925299364579639,5.591565800703169,0.5957446808510625,-0.25316455696202667,5.602865910778854,0.6194690265486802,-2.151462994836484,12.911924317116096,0.5852842809364489,0.6694560669455951,2.704834766606168,4.831460674157295,-14.246323529411764,130.75071584407715,0.3616636528029016,0.18050541516245744,2.5627992110731412,0.034036759700484254,4.851944345344261,-8.378239809972365,1584.0,2943.0,11.375952189261165,3.817028966014435,0.9860818253037085,1.5696258242717143,0.11131009780961554,-0.05451945143928187,0.10236979787636724,0.092167473304141,0.2583164207285162,,,
2020-08-01,259.316,268.422,259.918,268.756,193.307,268.271,326.782,144.691,567.277,118.4,113.8,120.3,93.8,111.3,29.49,140821.0,8.4,61.7,0.3731343283582156,1.2810698495523853,5.609141632955494,0.38632853258735445,1.7223933878284248,4.614097638682635,0.31532105240814623,1.3096453823307153,5.61217701489598,0.39334635771732795,1.7363884483039271,4.524790078719887,0.698561203546455,-9.604997965835393,32.89673353957401,0.16690065117390684,3.962471807352186,1.2123645908007186,0.16337214826711577,2.320819112627981,2.2453079452454228,0.9178727114210972,0.32310625758364964,5.6662452444608435,-0.0012339498381641612,5.299530188759816,3.3339063161478055,0.16920473773265332,-0.1686340640809303,4.158894738668684,0.08795074758134458,-1.6421780466724378,5.827276743079657,0.0,0.33361134278564464,3.0493370547047816,0.5359056806002238,-12.254443405051463,88.99547469140616,0.2702702702702675,0.36068530207393756,3.300961481260578,0.3402517863218657,4.797441364605537,-3.0598092721686454,1566.0,2593.6666666666665,11.372225392956855,3.471894126194086,1.3096453823307153,1.7363884483039271,0.045406478230519576,0.023866793117868677,0.16980645161290298,0.05946746196923014,0.07458714342769424,,,
2020-09-01,259.997,268.933,260.28,269.054,196.705,268.354,327.043,145.698,568.08,118.8,114.1,120.5,92.8,111.8,29.51,141770.0,7.8,61.4,0.2626139536318739,1.3910228912373812,4.678377012614265,0.19037187711885561,1.7190644053436621,4.721598298943475,0.13927469432666317,1.3713248610564666,3.908662748478031,0.11088124544196276,1.7132790467333514,4.198171930738348,1.7578256348709687,-7.656737788418644,17.994297692820748,0.030938864059093518,3.7818814657256006,-0.7344414142538058,0.07986976026832515,2.0618781909648165,2.0036653528135995,0.6959658859224227,1.0563551239812785,9.02016065919289,0.14155342099186896,4.9791549628928955,2.2498127218743447,0.33783783783782884,0.4226542688081203,4.499520132979207,0.2636203866432263,-0.954861111111116,3.9510316368137843,0.16625103906899863,0.9212730318257867,3.044180344310199,-1.0660980810234588,-11.703139866793533,18.20391972546853,0.4492362982928988,0.8115419296663484,4.411108445114276,0.06781959986437158,4.794034090909105,1.7816933955159708,949.0,1366.3333333333333,11.350130963049573,3.356323965014285,1.3713248610564666,1.7132790467333514,0.11425866626661296,0.004424257560450373,0.1287536888956482,0.029072592737670353,-0.013895251828507982,,,
2020-10-01,260.319,269.306,260.388,269.328,196.113,269.007,327.421,146.112,566.288,119.4,114.4,121.6,91.6,112.0,29.54,142460.0,6.9,61.7,0.1238475828567287,1.2303863428671624,3.080414773779294,0.1386962552011095,1.6364116692455521,2.898719270704264,0.04149377593360981,1.1820661677274913,2.001722763903957,0.10183829268473055,1.6105848131925171,2.4502616430796875,-0.30095828779136413,-8.89821060259769,8.925176108183175,0.2433352959151147,3.828428950781193,1.7785728161126002,0.11558113153316008,2.0441809874650163,1.444700809866939,0.28414940493348695,1.308372334893404,7.857368022706335,-0.3154485283762942,3.6975183850458615,-0.7004463385671067,0.5050505050505194,0.5050505050505194,4.123174647179084,0.2629272567922891,-1.038062283737018,2.485456298960642,0.9128630705394158,1.3333333333333197,4.393099048298121,-1.2931034482758674,-12.595419847328248,-7.091527554012755,0.17889087656530744,0.9918845807033394,3.6525940848816996,0.10166045408335211,4.603399433427757,2.0571930866953636,690.0,1068.3333333333333,11.347615809833318,3.332016415640471,1.1820661677274913,1.6105848131925171,-0.01956228870643867,0.0347969473158614,0.052567639912695086,0.042071531878070265,0.013973752456540617,,,
2020-11-01,260.911,269.981,260.229,269.473,197.017,269.066,327.801,146.388,566.296,119.5,114.7,121.1,91.8,112.2,29.64,142733.0,6.7,61.5,0.2274132890799363,1.1757452138405844,2.483111287293238,0.25064424854999157,1.6693780408814973,2.343525818306813,-0.061062721784410634,1.1745357842679605,0.4794721830715609,0.0538376997564427,1.646498785400663,1.0714170124304534,0.4609587329753806,-9.412473331861992,7.900754941513499,0.02193251476725333,3.6367978307090043,1.1906480636007855,0.11605853014926559,1.9246854118795786,1.253161089135868,0.18889618922470763,1.4772246754056972,4.774557827829629,0.0014127087277104877,3.194251840945239,-0.6899333109134487,0.08375209380233617,0.7588532883642474,3.7683262093705094,0.2622377622377492,-0.7785467128027634,3.2011705746210373,-0.4111842105263164,1.593959731543615,2.6866682863992075,0.21834061135370675,-11.046511627906986,-8.259865758949736,0.17857142857142794,1.0810810810810922,3.273945767328601,0.3385240352065111,4.587155963302747,2.0501640082629446,273.0,637.3333333333334,11.360195622261998,3.3717673561503902,1.1745357842679605,1.646498785400663,0.02996231764339974,0.003136349611717226,0.03494579500657091,0.042245304974332674,0.11712352184391575,,,
2020-12-01,262.045,270.341,260.474,269.226,205.67,270.088,328.217,146.718,565.656,120.0,115.5,120.8,95.6,112.6,29.91,142548.0,6.7,61.5,0.4346309661148906,1.3204191315779434,3.1882298797475617,0.13334271670970566,1.624313961356294,2.1107056858820528,0.09414784670425114,1.3620054947193205,0.2984739587892138,-0.09166038898146267,1.6196425538339554,0.2559560589870946,4.3920067811407115,-7.012388100189904,19.514939257385542,0.37983245746398,3.859228154369121,2.6098052186042553,0.12690626325118082,1.852616160895204,1.443647077273491,0.22542831379619432,1.6193378584291374,2.8298570352427665,-0.11301510164297701,2.723464067599002,-1.6959085048491973,0.4184100418409997,0.8403361344537785,4.102035568521689,0.6974716652135893,0.0,4.999047465933981,-0.24772914946324942,1.257334450963965,0.9995757430030672,4.139433551198257,-6.822612085769986,12.626260406986844,0.35650623885916666,1.2589928057553879,2.8931227114268987,0.9109311740890691,5.391120507399583,5.5331288054276895,-185.0,259.3333333333333,11.414070102463317,4.017651536296252,1.3620054947193205,1.6196425538339554,0.28548044077414625,0.05431604141734913,0.04170423805229595,0.04619387982342982,0.006936366047669451,,,
2021-01-01,262.687,270.387,261.582,269.755,212.47,270.499,328.535,146.752,568.379,121.2,117.5,122.2,100.8,113.6,29.93,142863.0,6.4,61.4,0.24499608845809373,1.3738437137002402,3.688562525737704,0.017015547031329348,1.3763703714812836,1.6153018059201774,0.42537834870275404,1.3997697415600863,1.846840410165318,0.19648919495145467,1.4101291709899044,0.6356807164435097,3.3062673214372618,-3.4872153606453793,37.773261163393165,0.15217262521844965,3.6958805173696208,2.2370549961714836,0.09688712041120429,1.5604954758614786,1.3679003230259612,0.02317370738424973,1.6935998004268704,1.7636259472778582,0.4813879813879929,2.905504127054259,1.4851877205860342,1.0000000000000009,1.6778523489932917,6.167886565921887,1.7316017316017396,1.2931034482758674,11.287751692809444,1.1589403973510048,1.8333333333333313,1.98834018208347,5.439330543933063,-2.7027027027026973,46.64262756090829,0.8880994671403242,1.883408071748871,5.837905039566826,0.06686726847207058,5.276116778051354,5.3864810958953235,315.0,134.33333333333334,11.393788044326516,3.849388482666094,1.3997697415600863,1.4101291709899044,0.21490737589342201,0.0217606854062383,0.0042871358660862,0.03526691182967836,-0.031226020537331145,,,
2021-02-01,263.579,270.793,263.014,270.696,219.242,270.73,329.124,146.617,571.673,122.0,119.0,122.8,105.5,114.0,30.05,143380.0,6.2,61.4,0.33956762230333837,1.6698167791706853,4.153451530935426,0.15015514799159302,1.280248344990098,1.2084859759740496,0.5474382793923205,1.6762152173745104,4.350057692917875,0.3488350540305163,1.2826077195923435,1.8277913945757618,3.187273497434928,2.3089773862077223,53.348740685829114,0.08539772790288058,3.5031177480339792,2.4967850168922334,0.17928074634361302,1.4302752378398953,1.6241939286927298,-0.09199193196687272,1.3129072603771386,0.6272041697096942,0.5795428754405085,3.128269701189912,3.852450391842277,0.660066006600668,2.866779089376048,8.634482925534215,1.2765957446808418,3.4782608695652195,15.86017335269223,0.49099836333879043,2.589807852965742,5.734543512340462,4.662698412698418,5.923694779116473,74.43720273263237,0.35211267605634866,2.333931777378817,6.573192989345666,0.4009355162044814,5.290819901892085,5.648931264727697,517.0,215.66666666666666,11.400756509433604,3.56153206274219,1.6762152173745104,1.2826077195923435,0.20717277733327033,0.012211875090111922,-0.017018507413871453,0.06525819166907514,0.07194328562475244,,,
2021-03-01,264.961,271.459,264.877,271.713,229.617,270.971,329.947,146.933,572.068,122.8,121.3,123.5,113.2,114.7,30.03,144232.0,6.1,61.5,0.524320981565296,2.6678187820641908,4.525994159883218,0.2459443190924393,1.6494791315614155,1.6644969185032776,0.7083273133749568,2.619762508959189,6.934902615702554,0.3756982001950515,1.646390734422698,3.746552786562063,4.732213718174427,13.851577491186573,55.35754925646883,0.0890185793964493,3.3297869500722665,1.3141489288873265,0.250057729001818,1.6660504098108042,2.1250893408236493,0.21552753091387267,1.692182049720392,0.5874481716827473,0.06909544442363913,2.7516937645038597,4.6118850928619,0.6557377049180246,4.067796610169494,9.665111123456738,1.9327731092436906,6.9664902998236355,21.650883268722154,0.5700325732899136,2.9166666666666563,9.244628777312581,7.29857819905213,23.71584699453553,96.58670264628617,0.6140350877193113,3.1474820143884807,7.671337902747943,-0.06655574043260559,4.52488687782806,1.6144981612695286,852.0,561.3333333333334,11.333743456584177,1.8088122624928094,2.619762508959189,1.646390734422698,0.30759389168133777,0.01272965685369225,0.03987259321906644,0.09102101335666175,0.07310382645453783,,,
2021-04-01,266.614,273.66,267.054,273.968,227.255,272.018,331.208,149.554,571.948,124.0,122.3,124.9,112.7,115.6,30.22,144587.0,6.1,61.6,0.6238653990587206,4.133077115360573,6.1151713580587685,0.8108038414641028,2.9780316542864504,4.930577144386206,0.8218909154060094,4.15969483870211,8.633788494467986,0.8299198050884637,2.961039351495187,6.395030754735331,-1.0286694800472063,24.46463584283569,30.87699574775622,0.3863882112845829,2.348209212986818,2.2652105820459623,0.3821825929618994,2.1014763048296636,3.2943815105025642,1.7838062246057884,4.429129047349711,7.858907776326318,-0.020976527265992306,2.202923412315494,2.535460997933714,0.9771986970684043,6.346483704974282,9.566114656433932,0.8244023083264551,10.879419764279241,17.369258730006322,1.1336032388663986,4.51882845188285,9.135220406343581,-0.4416961130742081,48.87714663143989,56.262056559728556,0.7846556233652935,4.805077062556662,7.230420938726012,0.6327006327006224,0.5992010652463353,3.9324039606818406,355.0,574.6666666666666,11.334738610875648,-3.3936153122598567,4.15969483870211,2.961039351495187,-0.06686351620306841,0.05525351421369535,0.33000415155207086,0.13911446383813136,0.16635678565789147,,,
2021-05-01,268.383,275.465,269.195,275.893,229.854,273.181,332.111,151.991,571.324,125.3,124.7,125.5,117.1,116.2,30.41,145065.0,5.8,61.6,0.6635060424433847,4.918257089467626,7.492159709625423,0.6595775780164903,3.7876961101984907,7.081875734845844,0.8017105154762838,4.992706537594471,9.736850479092318,0.7026368042982956,3.7976064620258043,7.903460544547536,1.1436492046379643,27.668295934236852,20.812881502498783,0.42754523597703376,2.137483923070005,3.6707949659531725,0.2726383420690315,2.1964901699525807,3.6799623770517265,1.6295117482648447,6.502652213214111,15.487285555819108,-0.10910082734794102,1.5425357019079433,-0.24397201836108273,1.0483870967741948,6.91126279863481,11.266636858723444,1.9623875715453876,11.140819964349369,20.580746540182627,0.48038430744594685,5.108877721943039,9.08911940874113,3.9041703637976877,46.374999999999986,51.781116006399145,0.519031141868509,5.253623188405787,7.9456403243993945,0.6287227001985585,2.3216689098250365,4.878815844872864,478.0,561.6666666666666,11.330821996922309,-2.474867817741566,4.992706537594471,3.7976064620258043,0.07433719830146768,0.06113896874471582,0.30145967342899627,0.09924035651312746,0.12732984545507753,,,
2021-06-01,270.654,277.651,271.696,278.218,233.603,275.185,333.835,154.821,570.655,126.2,126.5,126.2,121.0,116.8,30.54,145820.0,5.9,61.7,0.8461787818155431,5.295632620349999,8.875454980187868,0.7935672408473149,4.439362194328367,9.440983776911892,0.929066290235725,5.391451413321335,10.702131429855765,0.8427180102431153,4.474619041539296,9.925696751902645,1.6310353528761645,23.773670880710405,7.126646347615995,0.7335795681251644,2.356713247957032,6.367211273581419,0.5191035527278398,2.58431282169469,4.797454212736096,1.861952352441909,8.580786332459,23.26565550440225,-0.11709642864643488,1.0135786975000505,-0.9843399593356672,0.7182761372705571,7.404255319148945,11.543419043735925,1.4434643143544479,11.946902654867264,18.282065171936978,0.5577689243027928,5.518394648829439,9.035919227771716,3.330486763450047,35.95505617977528,30.543656749660908,0.5163511187607606,5.605786618444841,7.527042172202636,0.42749095692207195,3.9482641252552853,6.968228147660582,755.0,529.3333333333334,11.283779290163826,-1.279605299445541,5.391451413321335,4.474619041539296,0.1060172979369507,0.1049018782418985,0.3444611852017532,0.18895369319293367,0.1018447272420071,,,
2021-07-01,271.903,278.648,273.003,279.146,236.488,276.895,335.446,155.288,572.051,127.486,127.472,127.534,124.953,117.759,30.66,146762.0,5.4,61.8,0.4614747980816958,5.245169381309234,8.174325215500255,0.359083885885525,4.210719214328185,7.4925660646443015,0.4810523526293853,5.365475239385398,9.21274642058525,0.3335513877606777,4.2745131731807495,7.7770466805340055,1.2350012628262519,23.192648698206963,17.26884421601649,0.6214001489906806,3.3869257422785015,7.366768431554704,0.4825737265415686,2.8190124720688825,5.217310724630098,0.3016386665891657,8.308979947689643,16.24103101833887,0.24463116944564156,0.8403198397980649,0.07205398160265997,1.019017432646585,7.8561759729272485,11.728312398220142,0.7683794466403215,12.112576956904132,18.01939150680656,1.0570522979397756,6.013300083125528,8.706164138541904,3.2669421487603323,33.92604501607719,51.10926254961075,0.8210616438356189,6.0891891891891925,7.682492554372655,0.39292730844793233,4.321197686287848,5.952391071625507,942.0,725.0,11.276080072672974,-0.8779231393260423,5.365475239385398,4.2745131731807495,0.08027508208370637,0.08886022130566733,0.05580315331899566,0.17565683646113098,0.060879504912195403,,,
2021-08-01,272.676,278.997,273.567,279.507,240.692,278.084,336.022,155.57,572.768,128.603,128.296,128.528,124.773,118.256,30.78,147314.0,5.1,61.7,0.2842925602144719,5.152015301793966,6.55348179038393,0.1252476242427747,3.9396919775577244,5.228269655894446,0.206591136361145,5.251271554874992,6.656388807785252,0.12932300659869167,4.000282784384357,5.343569231433665,1.777680051419095,24.51282157397301,20.23706292086791,0.4294046479712543,3.6578683495420705,7.37472021813137,0.17171169130052455,2.8275731221425904,4.794335565480834,0.1815980629539915,7.51878140312805,9.756921509932148,0.12533847506603912,0.9679574528845603,1.0148243126686163,0.8761746387838665,8.617398648648656,10.9686020742638,0.6464164679301998,12.738137082601053,12.043495890569766,0.7794000031364101,6.839567747298414,10.00592955956716,-0.14405416436580332,33.02025586353945,28.90058509510338,0.42204842092747885,6.249775381850853,7.267516929653106,0.391389432485334,4.374364191251279,4.95636505444248,552.0,749.6666666666666,11.28812216696739,-0.7395494116881673,5.251271554874992,4.000282784384357,0.11554920334224117,0.06140486465988936,0.03359564164648843,0.06250305563339094,0.011239794932462022,,,
2021-09-01,273.91,279.698,274.31,279.884,245.302,280.322,337.357,156.259,572.633,129.226,129.343,128.541,126.379,118.59,30.98,147771.0,4.7,61.7,0.4525517463950024,5.351215590949132,4.899580633777045,0.25125718197684943,4.002855729865806,2.981799351716208,0.2715970859058281,5.390348855079163,3.9043146328301415,0.13488034288944295,4.025214269254507,2.4168445103619485,1.9153108537051544,24.705523499656845,21.587993949576713,0.8047927964212276,4.4597807373842,7.678674979457023,0.39729541518116473,3.1537137318334407,4.287302823620087,0.4428874461657184,7.248555230682641,3.7673413142090384,-0.02356975250014104,0.8014716237149777,1.3937023090864864,0.4844365994572275,8.77609427609427,9.941633841319142,0.8160815613892813,13.359333917616123,9.297346212462966,0.01011452757375686,6.673029045643153,7.628993088696889,1.287137441593944,36.18426724137931,19.003073234674183,0.28243810039236816,6.0733452593917825,6.272501937025932,0.6497725795971299,4.98136225008472,5.888677160355016,457.0,650.3333333333334,11.310284399985395,-0.3510669893933227,5.390348855079163,4.025214269254507,0.12449520549083504,0.11508536988823553,0.0819341775406579,0.14461553112594397,-0.013578537650670075,,,
2021-10-01,276.55,281.668,276.589,281.617,254.756,282.727,338.948,158.483,575.606,130.045,130.775,129.119,130.963,119.015,31.14,148572.0,4.5,61.8,0.9638202329232071,6.235042390298062,7.013521064560879,0.704331099972122,4.590317334184912,4.406207187773181,0.8308118552003085,6.221868903328898,5.3585872682568425,0.6191850909662566,4.562837877977799,3.588092229300077,3.85402483469357,29.902658161366148,34.66702047133736,0.8579419381996356,5.100239027237197,8.694779375626482,0.471607229137061,3.5205438869223338,4.241783319879944,1.4232780191861139,8.466792597459483,8.487361756718004,0.5191806968861234,1.6454524906054813,2.509060364106097,0.6337733892560315,8.915410385259626,8.274118419073861,1.1071337451582286,14.313811188811187,10.774478846634917,0.44966197555644793,6.1833881578947425,5.064667565523329,3.6271848962248443,42.97270742358079,20.672333146916678,0.3583776035078756,6.263392857142858,4.335083443832843,0.5164622336991664,5.416384563304,6.41083004201235,801.0,603.3333333333334,11.260169951184235,-0.7706099687769363,6.221868903328898,4.562837877977799,0.25051161425508206,0.12268569716254787,0.26330643354943106,0.1716650314058902,0.15565145655025592,,,
2021-11-01,278.919,283.406,277.948,282.754,263.798,284.767,340.544,160.247,577.956,131.475,131.738,130.138,131.196,120.045,31.23,149230.0,4.1,61.9,0.8566262881938069,6.901970403700863,9.477466822037094,0.6170384992260303,4.972572143965692,6.4726413880267675,0.4913427504347645,6.809002839806477,6.561268580898316,0.40373983104713407,4.928508607541393,4.728353119217821,3.549278525334043,33.896059730886165,44.29104268961594,0.721544104383387,5.835371247203303,9.965039092772354,0.4708686878223123,3.8874195014658275,5.492620841850759,1.113053135036579,9.46730606333852,12.578698702387436,0.4082653759689858,2.0589938830576138,3.6726312636063962,1.099619362528359,10.020920502092046,9.23663639502501,0.7363792773848132,14.854402789886656,11.17107331084204,0.7891944640215698,7.463253509496304,5.105517255140746,0.177912845612882,42.91503267973857,22.23621893448606,0.8654371297735608,6.99197860962566,6.1899861263507105,0.28901734104045396,5.3643724696356365,5.977452320225529,658.0,638.6666666666666,11.196799070697946,-1.4383251573929945,6.809002839806477,4.928508607541393,0.2307031041467128,0.10318080692682434,0.20591482998176713,0.17139620236732167,0.14543134477118103,,,
2021-12-01,280.845,285.18,278.802,283.908,267.899,286.343,341.931,162.481,579.903,132.26,130.997,130.896,125.829,120.519,31.39,149816.0,3.9,62.0,0.6905230550805275,7.174340285065539,10.518564101574146,0.6259571074712644,5.488993530393094,8.073400090567628,0.3072517161483601,7.036402865545144,6.7129139006451455,0.40812862063843713,5.453410888992893,5.876172532813362,1.5545985943790308,30.25672193319395,42.259085820420104,0.5534349134555638,6.018408814904763,8.872338348265064,0.4072895132493981,4.178333236852438,5.534632373376969,1.3940978614264132,10.743739691108111,16.904215151756972,0.3368768556776036,2.518668590097173,5.175826445078169,0.5970716866324333,10.21666666666665,9.727242958655346,-0.5624800740864355,13.41731601731604,5.214035948748497,0.5824586208486249,8.357615894039716,7.532267648981628,-4.090825939815246,31.6202928870293,-1.7294645938066622,0.3948519305260634,7.032859680284198,6.66693145144408,0.5123278898494954,4.948177866934134,5.39975687846268,586.0,681.6666666666666,11.176983745482383,-2.0771412375482634,7.036402865545144,5.453410888992893,0.101048908634637,0.07914119262414562,0.25790810436388645,0.14825338282278092,0.10417146663507748,,,
2022-01-01,282.543,286.757,281.148,285.996,270.189,288.549,342.858,164.074,583.642,133.529,133.469,132.17,132.305,121.376,31.6,150006.0,4.0,62.2,0.6046039630400957,7.558805726967832,8.954094897952402,0.5529840802300345,6.05428515424189,7.425175702709352,0.8414573783545265,7.479872468289117,6.757987214840555,0.7354495118136795,6.020648366109982,6.366376614159397,0.8547997566247023,27.16571751306067,26.524016654914107,0.770404724403928,6.672852764705217,8.49485767963072,0.2711073286715715,4.359657266349082,4.694736244015996,0.9804223263027767,11.803587003924987,14.87574202642914,0.6447630034678298,2.685356074028067,5.702412343993912,0.9594737637985906,10.172442244224422,11.154679381981714,1.8870661160178992,13.590638297872326,8.498244541853929,0.9732917736217983,8.15875613747954,9.792062730626338,5.14666730245017,31.254960317460334,4.162301805224611,0.7110911972386003,6.8450704225352155,8.17439633661956,0.669002867155144,5.579685933845635,6.0410202491849585,190.0,478.0,11.184138343544168,-1.8400351135787751,7.479872468289117,6.020648366109982,0.05556198418060565,0.1101678755897617,0.1813781303660137,0.09868306763645203,0.1588129052672626,,,
2022-02-01,284.5,288.273,283.716,288.059,275.322,291.342,344.705,164.945,585.713,134.771,136.126,133.103,140.34,121.685,31.64,150825.0,3.9,62.3,0.6926379347568234,7.937278766517819,8.247203399019497,0.5286706165847699,6.4551151617656455,7.048283800957744,0.9133979256476854,7.871063897739283,8.56281591277066,0.7213387599826815,6.414206342169804,7.7186160689192596,1.8997812642261414,25.579040512310613,18.652711801095823,0.9679465186155589,7.613489454437983,9.560435256119316,0.5387069865658622,4.7340819873360696,4.977783833311533,0.5308580274753893,12.500596793004902,12.252750142552182,0.3548408099485423,2.455949467615226,5.477626064804131,0.930135026848089,10.468032786885239,10.411188663395809,1.9907244378844613,14.391596638655457,14.003994691247268,0.7059090565181281,8.390065146579806,9.429613208062193,6.073088696572304,33.023696682464454,30.931309710287323,0.25458080674927164,6.741228070175431,5.577623486445038,0.12658227848101333,5.291181364392683,5.355681905826382,819.0,531.6666666666666,11.121265377855888,-2.4515139091555005,7.871063897739283,6.414206342169804,0.12348578217469919,0.1384163521620249,0.09820873508294703,0.19608934310997386,0.13643772222717843,,,
2022-03-01,287.674,289.056,287.504,289.305,303.099,293.893,346.396,164.318,588.736,137.037,140.496,135.084,155.52,122.768,31.8,151315.0,3.7,62.4,1.115641476274165,8.572204966013853,10.086905221050113,0.27161752921707194,6.482378554404167,5.548410022354933,1.3351379548562692,8.542455554842432,13.081621132374565,0.4325502761586941,6.47447858586081,7.823453272365044,10.088914071523526,32.001985915676975,63.85271581689427,0.8756032429241278,8.459207811906055,10.971302996324539,0.4905643956426564,4.985346131348378,5.326479399763762,-0.3801267089029614,11.831923393655618,4.5996491578495835,0.5161230841726372,2.913639637245913,6.23336774790928,1.6813706212761126,11.593648208469066,15.24903473411998,3.2102610816449495,15.825226710634798,32.315413931922365,1.4883210746564624,9.379757085020234,13.425355020279707,10.816588285592132,37.38515901060071,133.3576323203355,0.8900028762789169,7.0340017436791635,7.675933480674946,0.5056890012642201,5.894105894105883,5.327849485515634,490.0,499.6666666666667,11.054179383607835,-2.46665255877071,8.542455554842432,6.47447858586081,0.6557794146490292,0.12521126373815028,-0.07032344114704786,0.17856544001392693,0.22640879902010647,,,
2022-04-01,288.561,290.514,289.109,290.846,295.455,296.568,348.23,164.153,591.756,137.773,142.335,135.298,157.604,123.388,31.96,151623.0,3.7,62.2,0.30833512934780316,8.231750770777225,8.795849825636903,0.5044005313849409,6.158737119052837,5.344569185870474,0.5582531025655202,8.258629340882372,11.816643732429677,0.5326558476348442,6.160573497634747,6.957820630572842,-2.5219482743262134,30.010340806582914,42.986396087681136,0.9101952070991848,9.025138042335445,11.58835087737593,0.5294518412452875,5.139368614284678,6.416159554939971,-0.10041504886867392,9.761691429182772,0.19273516800708546,0.5129633655832189,3.4632519040192378,5.677987044835753,0.5370812262381675,11.107258064516135,13.332397108528315,1.3089340621797119,16.38184791496322,29.33771869461812,0.158419946107613,8.325060048038434,9.80799134151853,1.3400205761316952,39.843833185448105,101.35569360072658,0.50501759416135,6.737024221453303,6.797334890152418,0.5031446540880502,5.757776307081408,4.635427279599269,308.0,539.0,11.075647783310982,-2.2858121078863647,8.258629340882372,6.160573497634747,-0.16392663783120387,0.13015791461518342,-0.018576784040704675,0.19272047021328467,0.16796016639124361,,,
2022-05-01,291.298,292.063,292.296,292.506,309.052,299.817,350.204,164.883,594.318,139.013,145.466,135.589,169.67,124.011,32.1,151924.0,3.6,62.3,0.9484996239963239,8.538171195642065,9.905880135219093,0.5331928925972562,6.0254478790408905,5.3635261406322465,1.1023523999598828,8.581511543676523,12.656479545224064,0.5707487811418943,6.021537335126292,6.319596797869753,4.60205445837778,34.45578497655033,58.76785263482829,1.0955328963340616,9.750312064162593,12.153447524818084,0.5668667260144034,5.447877366302234,6.535433440299077,0.4447070720608348,8.48208117585909,-0.15026839650090773,0.4329487153488909,4.024686517632725,6.0073753565410115,0.9000312107597441,10.944134078212286,13.19724573694998,2.199740049882326,16.652766639935844,30.401220047647914,0.215080784638344,8.039043824701197,7.682828447762713,7.655897058450267,44.893253629376595,113.64579558475066,0.5049113365967361,6.7220309810671175,7.868006474728562,0.43804755944931717,5.557382439986847,5.943479001478358,301.0,366.3333333333333,11.019643114611155,-2.746304569921554,8.581511543676523,6.021537335126292,0.2991335397945557,0.15666120417577079,0.08227080833125444,0.2063394882692428,0.20409458342550013,,,
2022-06-01,294.957,294.05,296.311,294.68,330.456,302.774,352.616,165.765,598.067,140.273,148.821,136.005,185.008,124.35,32.19,152358.0,3.6,62.2,1.2561019986405686,8.979361103105798,10.517838218215703,0.6803326679517774,5.906335651591377,7.091938703097722,1.3736075758819855,9.059757964784154,12.827647045916034,0.7432326174505954,5.91694282900459,7.641288207530628,6.925695352238459,41.460512065341625,41.29166810537761,0.9862682903237552,10.025619128949614,12.646407369570545,0.6887414192870311,5.625833121152657,7.378315050557349,0.5349247648332334,7.068808494971601,3.56924034684456,0.6308070763463292,4.803602877395274,6.4920009419986435,0.9063900498514466,11.1513470681458,9.785496684420991,2.306380872506275,17.645059288537546,25.892841071414495,0.30680954944721783,7.76941362916006,2.7552098687787963,9.039900984263593,52.899173553719024,100.27052802630311,0.2733628468442273,6.464041095890405,5.254927150108024,0.2803738317756821,5.402750491159125,4.996646136100513,434.0,347.6666666666667,10.913455181602743,-3.281915562491533,9.059757964784154,5.91694282900459,0.45017019789549984,0.14103636551629697,0.09896108149414817,0.2507018766204793,0.31523247711414437,,,
2022-07-01,294.913,295.088,296.276,295.646,314.345,305.962,354.68,165.911,601.434,139.837,146.155,136.35,169.726,124.596,32.34,153072.0,3.5,62.1,-0.014917428642136077,8.462576727730099,9.100095485990977,0.35300119027377175,5.899916740834321,6.44810422787534,-0.011811913833770227,8.52481474562552,10.29084001360645,0.32781322112120925,5.91088534315376,6.766657999637804,-4.875384317428033,32.92217786949021,28.132957785015034,1.0529305686749924,10.497480994600838,13.28510486306389,0.5853392926015832,5.733858802907177,7.6172940324091165,0.08807649383164584,6.84083766936272,4.353117344138968,0.5629804018613127,5.1364301434662085,6.704128460385439,-0.3108224676167226,9.688122617385432,6.128477002643451,-1.7914138461641804,14.656552027111847,11.175191533644613,0.25366714459027495,6.912666426207914,3.146634397413939,-8.26018334342299,35.83187278416684,34.50070530827101,0.19782870928830576,5.805925661732858,3.9739877829161108,0.4659832246039386,5.47945205479452,4.841440567736766,714.0,483.0,10.965945889126624,-2.750372306223192,8.52481474562552,5.91088534315376,-0.31689998063282215,0.15056907132052388,0.01629415135885448,0.21306350250697628,-0.07794417319566857,,,
2022-08-01,295.097,296.535,296.171,297.178,298.331,308.475,357.048,166.337,605.182,139.755,144.062,136.921,158.017,124.944,32.44,153362.0,3.6,62.3,0.062391281496565476,8.222579178218826,5.319591579986005,0.4903621970395289,6.286089097732228,6.266817492978993,-0.03543992763505033,8.262692503116241,5.409229328435039,0.5181872915581476,6.3222030217489955,6.543634235281548,-5.094402646773455,23.947202233559906,-13.170499688922476,0.8213438270112006,10.928712187684297,12.061098290573803,0.6676440735310596,6.257328389212624,8.049312999013258,0.2567641687410749,6.921000192839233,3.574282835574194,0.6231772729842433,5.65918487066317,7.514855030392131,-0.05863970193867862,8.671648406335763,2.1522072051573415,-1.4320413259895193,12.288769720022463,-3.805161099549792,0.41877521085442737,6.530094609734838,3.987806760618118,-6.898766246774213,26.643584749905823,-24.76931608851506,0.2793027063469067,5.655526992287929,3.043543186256814,0.3092145949288527,5.393112410656253,4.304549709695893,290.0,479.3333333333333,10.99299552350583,-2.614488389620684,8.262692503116241,6.3222030217489955,-0.33113617204027457,0.11745216726260167,0.04750137121709885,0.24302244276530569,-0.014448527708166153,,,
2022-09-01,296.349,298.226,296.808,298.442,294.103,310.453,359.601,166.6,609.833,140.2,143.945,137.124,156.747,125.293,32.57,153582.0,3.5,62.2,0.42426727482827165,8.192106896425821,1.9011381380845682,0.5702530898544778,6.624287624509306,5.802828736380783,0.21507845130008807,8.20166964383362,0.6726065786428759,0.4253343114227981,6.630604107415916,5.205179629271051,-1.417217788295555,19.89425279859114,-37.26018241850102,0.6412188994245671,10.748710411598083,10.537370697091086,0.7150299119446091,6.59360855117872,8.162198159043887,0.15811274701360567,6.617858811332478,2.0301761443793698,0.7685291366894553,6.496307408060642,8.10463833363313,0.31841436800112977,8.492099113181538,-0.20800306391347556,-0.08121503241661499,11.289362393017011,-12.475535481369281,0.1482606758641758,6.677246948444471,3.3318951420311382,-0.8037109931209763,24.02930866678801,-48.472992961133635,0.2793251376616679,5.652247238384356,3.068053399241011,0.4007398273736307,5.132343447385401,4.806236834712396,220.0,408.0,10.990420079028443,-2.8280838009463793,8.20166964383362,6.630604107415916,-0.09211915623921108,0.0916943026177131,0.02925085819751705,0.2602708879478377,0.13517038230441486,,,
2022-10-01,298.007,299.399,298.012,299.315,299.945,312.594,362.353,166.614,606.869,140.681,144.524,137.757,158.888,125.487,32.7,153939.0,3.6,62.2,0.5594754832984217,7.758813957693,4.262994488169758,0.3933258669599482,6.294999786983246,5.972989551867647,0.4056494434112379,7.7454273308049215,2.364440683468705,0.2925191494494772,6.284421750107416,5.0572182555707945,1.9863789216702843,17.738149444959106,-17.102720198884004,0.6896374008304118,10.563900865499232,8.95636018985837,0.7652926437913266,6.905188996542244,8.938313101272598,0.008403361344533344,5.130518730715594,1.7056874457985982,-0.4860347013034616,5.4313193399651905,3.6639876198099053,0.3430813124108534,8.178707370525618,2.4361845858215547,0.40223696550767407,10.513477346587653,-4.389589430471464,0.4616259735713779,6.6899526793113395,4.191942864971443,1.3658953600387935,21.32281636798181,-23.198290136233336,0.1548370619268269,5.437970003781034,2.8912745433147924,0.3991403131716309,5.009633911368017,4.5275926454236615,357.0,289.0,10.97289660981118,-2.5512345072806197,7.7454273308049215,6.284421750107416,0.12911462990856848,0.09861814831874888,0.0015546218487386687,0.27856652234004287,0.051621560882322726,,,
2022-11-01,298.786,300.325,297.711,299.6,298.107,314.179,364.695,166.214,603.204,141.16,144.352,137.911,152.535,125.953,32.82,154242.0,3.6,62.1,0.2614032556282231,7.122856456533988,5.094938191632159,0.30928627016122423,5.969880665899807,5.2112307888780185,-0.10100264418881899,7.110322794191726,2.0961579562907673,0.09521741309324039,5.957829066962805,3.3000695131236712,-0.6127790094850649,13.005784729224645,-0.2999994539254258,0.5070474801179836,10.328443955935906,7.604075516895015,0.6463310639072795,7.091888272881031,8.84608620574696,-0.2400758639730216,3.7236266513569483,-0.2954571415483831,-0.6039194620255928,4.368498640034879,-1.3009796436707854,0.3404866328786227,7.3664194713823905,4.0823718780576,-0.11901137527330352,9.575065660629445,0.8076434879168426,0.11179105236032161,5.9728903164333325,2.9236977923096763,-3.9984139771411353,16.264977590780205,-13.171404476276882,0.3713532079020254,4.9214877754175435,3.269587601005708,0.3669724770642091,5.091258405379451,4.768547927423428,303.0,293.3333333333333,10.984450409323061,-1.8965122088383413,7.110322794191726,5.957829066962805,-0.03983063561652922,0.07250778965687166,-0.044414034835009,0.2352645072622497,0.03787562916063994,,,
2022-12-01,298.832,301.394,296.797,300.113,286.33,315.367,367.466,165.939,603.725,140.694,141.395,137.873,137.65,126.136,32.94,154342.0,3.5,62.3,0.01539563433359259,6.404600402357152,3.3938105412830266,0.35594772329976543,5.685531944736666,4.317313799240385,-0.30700914645410693,6.4544013314108195,-0.014823574174072096,0.17122830440585712,5.70783493244289,2.2585112649448957,-3.9505949206157687,6.879831578318685,-10.160030698552658,0.37812839177666646,10.136095521804279,6.48331023001012,0.759812994420006,7.467880946740735,9.03980964024984,-0.1654493604630214,2.128248841402991,-1.5776147237183458,0.0863721062857703,4.107928394921223,-3.9465531870686132,-0.33012184754888096,6.37683350975351,1.4168818261973026,-2.048464863666588,7.937586356939463,-6.899958882408386,-0.02755400221883253,5.330185796357423,2.2028504703047513,-9.758416101222666,9.394495704487849,-40.52863417676311,0.14529229156907686,4.660675910022483,2.718575089183961,0.3656307129798808,4.937878305192722,4.622078808652819,100.0,253.33333333333334,11.022915885848905,-1.3784386122575487,6.4544013314108195,5.70783493244289,-0.25678866984002496,0.0540723600240633,-0.030608131685658957,0.2765719299688822,-0.027851854133668974,,,
2023-01-01,300.42,302.642,299.17,301.962,292.615,316.859,369.911,166.187,600.978,141.203,143.686,138.124,146.964,126.728,33.02,154776.0,3.5,62.4,0.5314022594635093,6.327178517960097,3.2784009363718836,0.4140759271916483,5.539533472591773,4.403584941649807,0.7995363834540026,6.410146968856267,1.5633827479201834,0.6161012685221845,5.5825955607770705,3.584612457546843,2.195019732476533,8.300115844834544,-9.42260350470473,0.4730995950749328,9.81115859004884,5.570271325973319,0.6653676802751862,7.890438607236816,8.607930685657038,0.1494525096571664,1.287833538525307,-1.0211898712691792,-0.4550084889643591,2.9703139938523693,-3.826707951500097,0.36177804312906847,5.7470661803803,1.4924901943542235,1.620283602673367,7.654961077104061,-2.2992433473711715,0.18205159820994243,4.504804418551878,1.0699106393512015,6.766436614602256,11.079702203242503,-26.805329180058703,0.46933468637027076,4.409438439230162,4.014857065548716,0.24286581663632845,4.493670886075951,3.972207551209239,434.0,279.0,10.991278876239932,-1.7244016604601509,6.410146968856267,5.5825955607770705,0.14267628261097465,0.06765324209571538,0.027648714286575782,0.24219383562016777,0.05123018485007569,,,
2023-02-01,301.45,304.123,300.84,304.011,288.702,318.025,372.636,166.408,598.546,141.135,143.349,138.632,146.805,127.174,33.15,155066.0,3.6,62.5,0.3428533386591992,5.957820738137087,3.6144142068336604,0.4893570621394172,5.498260329618088,5.15528883780183,0.5582110505732318,6.035613077866597,4.270821219630605,0.6785622031911354,5.537754418365681,6.020526253271474,-1.3372520205731098,4.859764203369155,-12.034885200551948,0.3679870226188875,9.158652030946435,4.9872192631379875,0.7366636839672314,8.10287057048782,8.998369361451575,0.13298272428046154,0.8869623207735877,0.4676860212507128,-0.40467371517757256,2.1910048095227674,-3.0532442954053995,-0.04815761704780597,4.722084127891013,-0.0708227809132711,-0.23453920354106206,5.306113453711991,-2.7504839076329057,0.3677854681300996,4.153925907004341,2.1076602281741907,-0.10818976075772646,4.6066695168875516,-14.200380090335008,0.35193485259770174,4.510827135637108,3.934387436636899,0.3937007874015519,4.772439949431084,4.083005422453612,290.0,274.6666666666667,10.996848565267872,-1.1187289248195564,6.035613077866597,5.537754418365681,-0.08692138133725213,0.05262214423450091,0.024601803991885385,0.2681455809640722,0.08440519080599285,,,
2023-03-01,301.821,305.147,301.836,305.476,282.868,318.05,374.678,166.755,594.856,140.736,143.173,138.763,144.234,127.318,33.27,155134.0,3.5,62.6,0.12307181953890023,4.917719362889961,4.061338793874492,0.3367058722950844,5.566741392671326,5.074663799127843,0.33107299561230263,4.984974122099173,6.966089785798202,0.48189045791104945,5.5896026684640665,7.3418678162346485,-2.0207688204446073,-6.6747168416919855,-4.749367947292582,0.007861017215637922,8.219658174914013,3.446693195599493,0.5479878487317347,8.164643933532712,8.084676141830371,0.20852362867169738,1.4830998429873787,1.9815443970320645,-0.6164939703882544,1.0395151646918066,-5.747963001314904,-0.2827080454883668,2.6992709998029607,0.11946155632855948,-0.12277727783241987,1.905392324336641,5.125552550478774,0.09449477754053248,2.723490568831255,2.6071960699691976,-1.7513027485439814,-7.256944444444446,20.549587451462802,0.11323069180806389,3.706177505538899,3.8013526134350384,0.36199095022626526,4.622641509433967,4.067907949886584,68.0,264.0,11.023089844643016,-0.2812469192504885,4.984974122099173,5.5896026684640665,-0.13134997332889947,0.0011241254618362228,0.038576871304264015,0.1994675769383514,0.01525321916334807,,,
2023-04-01,302.845,306.534,303.363,306.899,280.86,318.755,376.404,167.495,594.041,140.934,143.342,139.153,144.522,127.546,33.43,155375.0,3.4,62.6,0.3392739405144063,4.950079879124369,3.268118426839739,0.4545350273802429,5.514364195873522,5.244114003140954,0.5059038683258521,4.930320398188925,5.7251417655280745,0.46583037619976064,5.519415773295822,6.702039486196187,-0.7098717422967527,-4.939838554094522,-15.126282359778553,0.22166326049362084,7.481252191740184,2.415062507582233,0.46066222196126105,8.09062975619561,7.208183026360082,0.44376480465353474,2.035905527160642,3.1856243990749045,-0.13700794814206496,0.3861388815660671,-4.537811671157366,0.140688949522505,2.2943537558157256,-0.7598486848800379,0.11803901573621545,0.7074858608212997,-0.9542101808289627,0.2810547480236014,2.8492660645390133,3.0133967299981856,0.19967552726818383,-8.30055074744297,-6.482692036341153,0.17907915612875858,3.369857684701927,2.6070138819527466,0.480913736098576,4.599499374217775,5.059959890450538,241.0,199.66666666666666,11.03865013455728,-0.33404501007563425,4.930320398188925,5.519415773295822,-0.04614166324928892,0.031697846250587774,0.08209648886090393,0.16768104879389903,0.10394021985830448,,,
2023-05-01,303.334,307.652,304.127,308.096,274.273,319.587,378.304,168.261,593.773,140.614,142.051,139.145,138.557,127.58,33.5,155655.0,3.6,62.6,0.1614687381333635,4.131851231385042,2.5234508116479315,0.3647229997324919,5.337547036084689,4.722959561851758,0.25184350102023245,4.047609272791974,4.442580078556602,0.39003059638513804,5.329805200577087,5.484111219734578,-2.3452965890479183,-11.253446022028657,-18.542128549357194,0.26101551348214347,6.594022353635709,1.9791469482205226,0.5047767823933791,8.023894644264473,6.224451175502366,0.4573270843905686,2.0487254598715365,4.529063308574677,-0.045114731138096165,-0.09170174889536753,-3.1517782983446763,-0.2270566364397486,1.1516908490572852,-1.4684442133894637,-0.9006432169217815,-2.3476276243245997,-3.573032080054761,-0.005749067573090905,2.6226316294094776,1.4884139969893129,-4.127399288689615,-18.337360759120646,-20.649348528255096,0.02665704922144574,2.8779705026167113,1.283118748719514,0.2093927609931212,4.361370716510904,4.2905834678440335,280.0,196.33333333333334,11.043931771578524,0.2204123737470587,4.047609272791974,5.329805200577087,-0.1524442782881147,0.03732521842794651,0.08460551061225519,0.18373874879118998,0.008243538590086502,,,
2023-06-01,304.014,308.322,305.109,308.91,275.712,319.942,380.155,168.061,593.325,140.698,142.377,139.396,140.799,127.903,33.69,155880.0,3.6,62.6,0.224175331482801,3.070617072997095,2.9381880661957682,0.2177785289873002,4.853596327155252,4.227336440383245,0.3228914236486524,2.9691776545588855,4.408516853940503,0.2642033651848896,4.828967015067187,4.572981184131897,0.5246597368315342,-16.566199433510064,-9.741648921008961,0.11108086373976533,5.670235885511965,2.400816986038401,0.48928903738791885,7.809912199106117,5.976617631627978,-0.11886295695376914,1.385093355050837,3.1697348961506,-0.07544970889548086,-0.7928877533787904,-1.0255252088776978,0.05973800617293801,0.3029806163695081,-0.10795990294384383,0.22949504051363867,-4.330034067772681,-2.205405431746621,0.1803873656976318,2.493290687842342,1.837217571078087,1.6181066275973155,-23.895723428176076,-9.191251605450734,0.25317447875843335,2.857257740249297,1.8506237818397553,0.5671641791044735,4.659832246039142,5.146020504441551,225.0,248.66666666666666,11.081726499437524,1.5418702421433172,2.9691776545588855,4.828967015067187,0.034102882894049724,0.01588456351478644,-0.02198964703644729,0.17810120960920245,0.018076322501209663,,,
2023-07-01,304.609,308.96,305.691,309.402,275.548,320.719,381.895,167.462,592.422,141.485,142.594,140.387,142.541,128.188,33.85,156043.0,3.5,62.6,0.1957146710348745,3.287749268428297,2.3503406108246416,0.20692652486684615,4.700970557935236,3.203497646868536,0.19075150192227053,3.177780177942169,3.1051049448749035,0.15926969020101378,4.652861868586067,3.3024385194013073,-0.059482358402962454,-12.342171817588966,-7.353399871604605,0.242856517743828,4.823147972624042,2.48746074204238,0.45770804014151345,7.673113792714559,5.964152637632725,-0.3564182052945175,0.9348385580220553,-0.07878503537657178,-0.15219314878017753,-1.4984187791178938,-1.0857118487378914,0.5593540775277628,1.1785149853043464,1.5730476415561911,0.1524122575977671,-2.4364544490438234,-2.0710340904207314,0.7109242732933563,2.96076274294097,3.594638443047349,1.2372246961981137,-16.01699209313835,-5.371195588759791,0.22282510965339064,2.882917589649736,2.0286438635302995,0.474918373404587,4.669140383426096,5.120927893804383,163.0,222.66666666666666,11.112606653119245,1.3374200955892368,3.177780177942169,4.652861868586067,-0.0038663532961925595,0.0347284820373674,-0.06593736797948574,0.16660572661151088,0.06418418366167453,,,
2023-08-01,306.082,309.58,307.026,310.103,287.31,321.524,382.947,167.037,592.387,142.409,144.62,140.613,153.234,128.536,33.89,156261.0,3.7,62.8,0.4835707415079771,3.722504803505289,3.6732691525900307,0.20067322630761275,4.399143440066089,2.5303908094295835,0.4367155068353501,3.6651123843995492,3.8677458030735634,0.22656608554567637,4.349245233496424,2.6312530051206373,4.268584783776319,-3.694218837465768,20.412269266879623,0.2509985376606849,4.230164519004775,2.4465092089167584,0.2754683879076847,7.2536465685286045,5.000399907868158,-0.25378891927719804,0.42083240650006015,-2.8781686320992983,-0.005907950751338209,-2.114240013747948,-0.9304260670807918,0.6530727638972111,1.8990376015169286,5.204785855502592,1.42081714518143,0.38733323152531085,7.432639812736452,0.1609835668544779,2.696445395520053,4.287312509980068,7.501701264899241,-3.0268895118879535,49.59141416412063,0.2714762692295869,2.874887949801508,3.0311936857084776,0.11816838995568624,4.469790382244154,4.738668164845827,218.0,202.0,11.072196339542998,0.7204661902010079,3.6651123843995492,4.349245233496424,0.27745801094546074,0.03589279088547794,-0.04695095006628164,0.10027049319839722,0.11690039654492285,,,
2023-09-01,307.276,310.539,307.789,310.817,292.623,321.945,385.285,166.558,593.733,142.744,145.04,140.388,154.682,128.923,34.01,156417.0,3.7,62.7,0.3900915440960384,3.687206638119256,4.361479819440595,0.3097745332385715,4.128747996485882,2.9073850793267075,0.24851315523766182,3.69969812134443,3.5600626487923837,0.2302460795284178,4.146534334979668,2.492287808018845,1.8492220946016547,-0.5032250606080257,26.885255718639645,0.13093890347222192,3.7016875340228683,2.527818579446084,0.6105283498760938,7.142360560732608,5.508045377253756,-0.28676281302946194,-0.025210084033611135,-3.529569714738956,0.22721632986544282,-2.6400670347455857,0.2753438906681893,0.23523794142223942,1.8145506419400936,5.9448264053047595,0.2904162633107443,0.7607072145611182,7.694075725671201,-0.16001365449851424,2.3803272950030596,2.877097062836209,0.9449599958233579,-1.3174095835965183,45.66688518984543,0.3010829650837099,2.897208942239393,3.2282790317826215,0.35408675125405686,4.421246545901125,3.853821965145632,156.0,179.0,11.068225308842864,0.7079368145616716,3.69969812134443,4.146534334979668,0.12019943614910755,0.018724263196527733,-0.05305112041045046,0.22223231935489815,0.08198664580595544,,,
2023-10-01,307.696,311.457,307.671,311.38,286.765,322.992,386.771,166.697,595.016,142.249,142.932,140.814,143.899,128.986,34.08,156576.0,3.9,62.6,0.13668493471667986,3.2512659098611785,4.115761178895805,0.29561504352111356,4.027401561127464,3.2721833001305045,-0.03833795229848391,3.241144651893202,2.61613233568867,0.18113552347522877,4.030870487613392,2.5818177444089763,-2.00189322097033,-4.3941389254696706,17.304729868934988,0.32521082793646183,3.326359431083148,2.865160072338324,0.3856885162931256,6.738732672283665,5.205809863887256,0.08345441227681771,0.049815741774406064,-1.8147972340214036,0.21609039753558434,-1.9531398044718151,1.7629912856055974,-0.3467746455192544,1.1145783723459424,2.1775044797940124,-1.4533921676778805,-1.1015471478785566,0.9515229978684037,0.3034447388665651,2.219124980944698,1.222198901854532,-6.97107614331337,-9.433689139519663,3.865639280871447,0.04886637760523893,2.7883366404488186,2.5134414321591025,0.20582181711261693,4.220183486238516,2.7456992856286,159.0,177.66666666666666,11.075867089594924,0.9384074547068577,3.241144651893202,4.030870487613392,-0.13012305936307145,0.046505148394914035,0.015439066271211277,0.1403906199306977,0.06447315948292828,,,
2023-11-01,308.148,312.392,307.051,311.606,282.146,323.41,388.525,166.254,597.882,142.334,142.028,140.653,137.962,129.141,34.17,156703.0,3.7,62.8,0.14689823722116024,3.1333462745911866,2.7273893850826347,0.30020195404181216,4.017980521102138,3.6831136165865974,-0.20151395484137025,3.1372707088417773,0.0325745098500585,0.07258012717579199,4.007343124165552,1.9528510310815816,-1.6107265531009607,-5.354117816757076,-6.997928507784246,0.12941497003022828,2.938133993678771,2.36705113920308,0.45349832329724116,6.5342272309738325,5.954935145611251,-0.26575163320275985,0.024065361521885542,-1.8618907605294832,0.4816677198596242,-0.8822885789881996,3.7623591303721726,0.05975437437171216,0.8316803627089975,-0.21049448402088444,-0.6324685864606883,-1.6099534471292531,-6.978688757378759,-0.11433522235004823,1.9882387916844824,0.11383605032324606,-4.125810464283985,-9.55387288163373,-34.292132546464615,0.12016808025676617,2.5311028717061035,1.8960754587492357,0.2640845070422726,4.113345521023781,3.345992360374983,127.0,147.33333333333334,11.088827446551656,0.9502253944357886,3.1372707088417773,4.007343124165552,-0.10469722595156244,0.018506340714322642,-0.04916405214251057,0.16507338968019578,0.11717978492071485,,,
2023-12-01,308.741,313.195,306.746,311.907,280.763,323.891,390.139,166.117,600.691,142.165,140.693,140.359,131.199,129.567,34.29,156857.0,3.8,62.5,0.1924399963653789,3.3159099427102934,1.9207622630458943,0.25704883607775564,3.9154727698627045,3.4652901491389665,-0.09933203278934544,3.3521228314302265,-1.3485996822100388,0.09659634281753426,3.9298530886699323,1.4101508946886554,-0.49017175504881827,-1.944260119442609,-15.252740459444269,0.1487276212856825,2.7028826732029776,2.439814419813646,0.4154172833151115,6.170094648212343,5.135421614077473,-0.08240403238418681,0.10726833354424148,-1.0548916740234726,0.46982514944422515,-0.5025466893039066,4.770676614923142,-0.1187348068627414,1.0455314370193536,-1.6126399595695395,-0.9399555017320371,-0.49648148802998726,-11.460147024671507,-0.20902504745720085,1.8031086579678446,-0.08260254559264713,-4.902074484278263,-4.6865237922266605,-48.243728262073034,0.3298720003716893,2.7200799137439002,2.0131131955106296,0.3511852502194879,4.098360655737721,3.33404085907949,154.0,146.66666666666666,11.10639662370725,0.7573380648355998,3.3521228314302265,3.9298530886699323,-0.03186116407817319,0.021268049843852596,-0.01524474599107456,0.15121189112670058,0.06706596546407345,,,
2024-01-01,309.698,314.319,308.417,313.623,279.953,324.873,392.322,165.637,604.626,142.576,141.569,141.309,133.356,130.175,34.47,157032.0,3.7,62.5,0.30996854969052023,3.0883429864855705,2.6280792400442676,0.3588818467727739,3.8583540949372663,3.726602252863942,0.5447503797930464,3.0908847812280538,0.9734002772996186,0.5501639911896783,3.861744192977934,2.912650130084904,-0.2884995530037848,-4.327187601455851,-9.16861699769742,0.30318841832590593,2.5292006854783944,2.349897684810265,0.5595441624651754,6.05848433812457,5.8656422521004,-0.2889529668847812,-0.3309524812410203,-2.519378832153063,0.655078900799233,0.6070105727663977,6.618531966783192,0.2891006928569029,0.9723589442150571,0.9226898846300458,0.62263225604684,-1.4733516139359581,-3.760186077287131,0.676835828126432,2.305899047232929,1.413541875685298,1.6440674090503649,-9.259410467869689,-26.240300622252665,0.46925528876951006,2.719998737453455,3.738519422819575,0.5249343832020914,4.391278013325239,4.656640396195999,175.0,152.0,11.130197805604169,1.2639014160994666,3.0908847812280538,3.861744192977934,-0.018752470945246014,0.043355943820604544,-0.05345629887368453,0.20367407513732383,0.1351473005515224,,,
2024-02-01,310.967,315.564,310.326,315.419,283.331,325.168,394.078,165.903,605.065,143.356,143.601,141.989,140.612,130.666,34.52,157238.0,3.9,62.6,0.40975401843086345,3.157074141648697,3.7098013040746336,0.39609441363710474,3.7619647313751337,4.123844617339589,0.6189671775550742,3.1531711208615976,4.335136765301106,0.5726620815437622,3.752495797849398,4.985218455567386,1.2066311130797036,-1.8603958406938625,1.6905947158181833,0.09080471445765959,2.246049838849151,2.192123045669825,0.4475915192112545,5.754140770081251,5.840744265842801,0.16059213822998686,-0.30347098697177666,-0.8418203530846213,0.07260686771659586,1.0891393476858857,4.892929079492769,0.5470766468409938,1.573670599071808,2.9032000127057866,1.435342483170765,0.1757947387146075,4.504254391184226,0.48121492615473827,2.421518841248771,3.853898385603549,5.441075017247066,-4.218521167535172,7.907496182484897,0.37718455924715677,2.745844276345788,4.807848510715407,0.14505366985786416,4.132730015082964,4.160542454186955,206.0,178.33333333333334,11.100856360964348,0.9457963804736957,3.1531711208615976,3.752495797849398,0.07843102235018073,0.012985074167445319,0.02970954557254757,0.16292331299289664,0.1257050633477932,,,
2024-03-01,312.345,316.792,312.332,317.088,288.688,325.24,395.827,165.775,607.643,143.521,144.301,142.445,143.075,130.98,34.65,157466.0,3.9,62.7,0.4431338373525273,3.4868349120836584,4.751682384185307,0.3891445158509699,3.8161935067360986,4.673691934009683,0.6464169937420605,3.4773850700380304,7.485602694403126,0.529137433065241,3.801280624337111,6.81167870129864,1.8907214530001992,2.057496782951773,11.777767156279072,0.022142400236191406,2.260650841062728,1.6764297439393783,0.4438207664472671,5.644580146152167,5.960547444892872,-0.07715351741679477,-0.5876885250816977,-0.8209762749084248,0.42606992637155283,2.1495958685799677,4.710322364806818,0.11509807751330925,1.97888244656661,3.870219489107196,0.48746178647780525,0.7878580458605899,10.659168394705997,0.32115163850721107,2.653445082622885,6.07859934068149,1.7516285949989996,-0.8035553336938728,41.42719207912342,0.24030734850688518,2.8762625865941915,4.434100753852777,0.3765932792583859,4.147880973850304,4.2660726225154155,228.0,203.0,11.09350237717908,0.6387730983639095,3.4773850700380304,3.801280624337111,0.12289689444501295,0.0031663632337753708,-0.014273400722107032,0.1615507589868052,0.16979322140904085,,,
2024-04-01,313.023,317.649,313.548,317.978,287.611,325.894,397.196,165.598,609.702,144.197,145.052,143.254,145.893,131.634,34.76,157530.0,3.9,62.6,0.21706766556210955,3.3607951262196734,4.364163046261771,0.27052450819466944,3.6260251717590952,4.305553834951281,0.3893293034335388,3.357363950119163,6.822541399056026,0.28067918054293095,3.6099824372187728,5.671208557748453,-0.3730671174416611,2.403688670511994,11.39904435628365,0.20108227770261333,2.2396511427271726,1.2630452383609159,0.34585816530960933,5.523852031328058,5.062762302554624,-0.10677122605941003,-1.132571121526016,-0.09414859739215187,0.3388502788643999,2.6363500162446707,3.4006345177514996,0.4710112109029385,2.3152681396966024,4.625897108984445,0.5204399137913152,1.1929511238855106,10.210310970883185,0.5679385025799455,2.9471157646619117,5.620382836816051,1.9695963655425475,0.9486444970316033,43.24767359155381,0.49931287219422416,3.2051181534505035,4.559131864528632,0.31746031746031633,3.9784624588692807,3.407952116028823,64.0,166.0,11.104615315807463,0.5975837665483708,3.357363950119163,3.6099824372187728,-0.02424936263370797,0.028754765711473704,-0.019752676820990855,0.1258923721726978,0.10642256713263687,,,
2024-05-01,313.175,318.095,314.069,318.629,284.165,326.385,398.689,165.375,611.828,144.224,144.297,143.504,141.064,131.911,34.89,157608.0,3.9,62.6,0.04855873210594108,3.244278584003113,2.870565875872777,0.14040654936740005,3.394419668976645,3.2470284319256804,0.1661627565795465,3.2690290569400204,4.912595810589315,0.20473114492198796,3.418739613626931,4.133340437097277,-1.198146107068221,3.6066255154535876,1.1826303752672462,0.15066248534798543,2.1271203146560946,1.5054978680576037,0.37588495352420814,5.388523515479626,4.763078597912895,-0.13466346211911118,-1.7151924688430409,-1.2669686222771648,0.348694936214744,3.04072431720539,4.546444110879966,0.018724384002433148,2.5673119319555626,2.4440282743734443,-0.520502992030436,1.5811222729864793,1.9528454261386496,0.17451519678333138,3.1327032951237843,4.336730729326166,-3.3099600392068163,1.8093636553909276,1.2920209327071719,0.21043195526992964,3.394732716726767,3.866061688662459,0.3739930955120929,4.149253731343294,4.356794282584731,78.0,123.33333333333333,11.140736010217928,0.8765378186103012,3.2690290569400204,3.418739613626931,-0.07787949695943436,0.021544735404761914,-0.024912740492035568,0.13682212308281175,-0.007015888930162653,,,
2024-06-01,313.044,318.39,314.175,319.003,278.284,327.042,399.699,165.079,612.629,144.869,144.274,144.704,139.845,132.21,35.01,157695.0,4.1,62.6,-0.041829647960411886,2.9702579486470926,0.8981734317599965,0.09273959037392476,3.2654173234475614,2.0330462208679068,0.03375054526233434,2.971397107263307,2.381282675090124,0.11737789090131567,3.267294681298738,2.4377055405828685,-2.0695722555557627,0.93285747446612,-13.654835413893307,0.20129601544187636,2.219152221340104,2.234696137625347,0.2533302900255663,5.141060883060877,3.9706089435135095,-0.17898715041572144,-1.7743557398801624,-1.6688380310252104,0.13091914721130582,3.2535288416972064,3.3228097087045327,0.4472209895717949,2.9645055366813944,3.810203479783092,-0.01593934731837221,1.3323781228709697,-0.07482255295566675,0.8362136247073382,3.807856753421923,6.496002734842388,-0.864146770260299,-0.6775616304093068,-8.729011362960748,0.22666798068395888,3.3673956044815156,3.8095423765617697,0.34393809114359186,3.918076580587715,4.221060321922088,87.0,76.33333333333333,11.183731360447732,0.9204780592210637,2.971397107263307,3.267294681298738,-0.13452219661112458,0.02878533020818832,-0.03311262282690847,0.09221222556930612,0.004807615700126708,,,
2024-07-01,313.569,318.94,314.54,319.214,278.287,327.74,401.139,164.669,611.874,144.922,144.976,144.263,142.897,132.712,35.08,157748.0,4.2,62.7,0.16770805381991494,2.9414757935583014,0.6995399416526604,0.17274411884795615,3.2301916105644812,1.6356314502684377,0.11617728972705965,2.8947531984913066,1.2715343829155845,0.06614357858703013,3.171278789406662,1.5639136103177353,0.0010780353883133031,0.9940191908487828,-12.350446581441588,0.21342824469030575,2.189143767597179,2.285091580410481,0.36027110400576046,5.0390814229042125,4.030356099049204,-0.24836593388619654,-1.6678410624499707,-2.2251759115410885,-0.12323935040620126,3.28347022899218,1.4325909214823573,0.03658477659125303,2.4292327808601577,2.0263559731658054,0.4865741575058591,1.6704770186683815,-0.2094153560307621,-0.3047600619195068,2.7609394032211076,2.8472793246919093,2.1824162465586827,0.24975270273113193,-7.964658980674011,0.3796989637697479,3.5291914999844076,3.316209070750742,0.19994287346472017,3.633677991137363,3.733556441061525,53.0,72.66666666666667,11.18733038023529,0.672423036723524,2.8947531984913066,3.171278789406662,7.00723002403647e-05,0.030520238990713718,-0.04594769776894636,0.1311386818580968,0.05192675843981043,,,
2024-08-01,314.062,319.75,314.796,320.017,275.706,328.154,402.895,164.399,611.637,145.409,144.533,144.944,139.845,133.04,35.22,157757.0,4.2,62.7,0.1572221743858515,2.607144490692037,1.1377350962952892,0.25396626324700744,3.2850959364300047,2.097437468906649,0.08138869460163622,2.5307302964569622,0.9291310674175657,0.25155538290926316,3.197002286337125,1.7538841723401477,-0.9274597807299556,-4.038843061501507,-11.38596205979281,0.1263196436199321,2.0620544656075435,2.185681268932682,0.43775349691752563,5.209075929567275,4.287077508281212,-0.16396528794127008,-1.5792908158072771,-2.339879181987814,-0.038733464732942924,3.2495648959210754,-0.12481323460867833,0.33604283683636993,2.106608430646939,3.327281972276497,-0.3055678181216326,-0.06015765454294719,0.6558129526546663,0.47205451155181155,3.0800850561470083,4.074646053203113,-2.135804110653128,-8.737616977955287,-3.4120396654891194,0.2471517270480561,3.5040766789070643,3.4677235687408547,0.3990877993158559,3.9244614930658006,3.837333891326744,9.0,49.666666666666664,11.214346211894465,1.283845300356501,2.5307302964569622,3.197002286337125,-0.060284885747447114,0.018063709037650286,-0.030333578269134964,0.15934227287797934,0.07043465648680397,,,
2024-09-01,314.732,320.732,315.301,321.109,272.681,329.109,403.956,164.634,615.341,145.803,143.347,145.59,132.981,133.296,35.34,157912.0,4.1,62.7,0.2133336729690294,2.4264830315416708,2.174393670283825,0.30711493354182995,3.2823574494668994,2.9749272681080408,0.16042135224081377,2.440633031069983,1.4413213466468067,0.34123187205679084,3.3112731929077155,2.6669932069386393,-1.097183231413179,-6.814912019902741,-7.81366203832774,0.29102189825507274,2.225224805479198,2.552184435551652,0.2633440474565374,4.846023073828465,4.328750417089622,0.1429449084240142,-1.1551531598602338,-1.073919434301418,0.6055879549471399,3.6393463054942288,1.782521898384326,0.2709598443012551,2.1429972538250297,2.603928841835801,-0.8205738481869007,-1.1672642029784797,-2.545445098218724,0.4456893696876074,3.7054449098213427,2.471723036816331,-4.908291322535662,-14.029428117040121,-18.23440436989152,0.19242333132891698,3.3919471312333638,3.326387915408291,0.34071550255538874,3.9106145251396773,3.8239954119327235,155.0,72.33333333333333,11.228600841350737,1.448972423607442,2.440633031069983,3.3112731929077155,-0.07131691004185664,0.0416161314504754,0.026444808058442626,0.09585723327417961,0.12073241022778838,,,
2024-10-01,315.631,321.731,315.664,321.758,273.003,329.851,405.721,164.698,617.892,146.294,143.225,146.574,132.382,133.598,35.46,157945.0,4.1,62.5,0.2856398459641696,2.578844053871343,2.6564215050467688,0.3114750009353573,3.298689706765301,3.5465600807173647,0.11512808395786056,2.597904904914672,1.4370690410003384,0.20211205540798804,3.332905131993069,3.226141461345655,0.1180867020437848,-4.799051488152317,-7.381444820072824,0.22545721934070784,2.1235820082231127,2.601432117263758,0.4369287744209638,4.89954003790356,4.647871387591329,0.038874108628861315,-1.199181748921696,0.0704629571372406,0.4145668824278026,3.844602498084093,3.9925653695162877,0.33675575948368675,2.843605227453283,3.8409811571920027,-0.08510816410529642,0.20499258388604336,-4.744322241076027,0.6758705955079325,4.090502364821691,6.563364167425201,-0.4504402884622505,-8.003530253858603,-26.341425947084108,0.2265634377625947,3.5755818460918354,2.697305764117952,0.339558573853993,4.049295774647899,4.403867372091064,33.0,65.66666666666667,11.234637915794076,1.4334843937257702,2.597904904914672,3.332905131993069,0.007675635632846012,0.032240382365721215,0.007191710096339343,0.1590420738892308,0.0794900439800322,,,
2024-11-01,316.528,322.657,315.493,321.947,273.281,330.937,407.114,165.018,620.054,146.447,143.618,145.957,129.711,133.767,35.6,158079.0,4.2,62.4,0.28419261732848256,2.719472461284833,3.177967036508167,0.28781808405158316,3.2859356193500444,3.6864853325343283,-0.05417152415225779,2.7493803960905616,0.8885987041760135,0.058739798233453655,3.318613890618294,2.4342829852513237,0.10183038281630363,-3.141990317069887,-3.472094466912967,0.32923956574333335,2.3273862898487874,3.435708331780374,0.3433393883974345,4.784505501576475,4.254938955233634,0.19429501268988236,-0.7434407593200687,1.5146194309852756,0.3498993351588764,3.708424070301497,5.6192443617428145,0.10458392005139316,2.8896820155409175,2.8861146429360662,0.27439343689998896,1.1194975638606497,-2.508348075187372,-0.4209477806432327,3.770982488819996,2.8250060961514167,-2.0176459035216254,-5.980632348037851,-25.985048829877144,0.1264988996841243,3.5821311589657956,2.2037907389926614,0.3948110547095318,4.184957565115588,4.386079156796874,134.0,107.33333333333333,11.247030278521963,1.4266867505410064,2.7493803960905616,3.318613890618294,0.006618974883059736,0.047081257901296664,0.03594457734762824,0.12497553737666615,0.06957226981983178,,,
2024-12-01,317.604,323.259,315.605,322.007,279.829,331.65,408.165,165.006,620.911,147.052,143.299,146.379,128.552,134.19,35.69,158316.0,4.1,62.5,0.3399383308901438,2.870690967509981,3.700356063169985,0.18657583749928097,3.2133335461932644,3.1889826581728897,0.035499995245547034,2.888057219980067,0.3862213424523864,0.018636607888877776,3.2381447033891675,1.123324468387188,2.396068515557248,-0.3326649166734863,10.905062230031625,0.21544886186795065,2.395558999786962,3.124289850144635,0.2581586484375453,4.620404522490706,4.233373286283015,-0.007271933970842692,-0.6688057212687393,0.9068910030175292,0.13821376847822364,3.366123347944261,3.670216009895122,0.41311873920257813,3.437554953750932,3.4708227229621746,-0.22211700483225627,1.85225988499782,-0.13387345686335372,0.28912624951185073,4.289001774022316,2.18541652205142,-0.8935248359815406,-2.0175458654410616,-12.671304436294529,0.3162214896050619,3.5680381578642617,2.7098613756553203,0.2528089887640306,4.082822980460765,4.020757277223064,237.0,134.66666666666666,11.237264014307124,1.1783064753921213,2.888057219980067,3.2381447033891675,0.15574445351122113,0.03080918724711694,-0.001345307784605898,0.0939697480312665,0.06076024988514511,,,
2025-01-01,318.961,324.638,317.671,323.842,282.272,332.626,409.579,165.508,620.949,147.975,144.941,147.697,133.911,134.752,35.84,158268.0,4.0,62.6,0.42726162139017365,2.9909783078999608,4.287373998915989,0.4265929177532435,3.282970485398584,3.663479311476725,0.6546157380269646,3.0004831121501097,2.567568172449186,0.5698633880629966,3.2583707189842492,2.616046109460557,0.8730331738311614,0.8283533307376745,14.288234443628678,0.29428614503241857,2.3864710209835716,3.4078604834459902,0.34642852767874377,4.398682714708846,3.8581963886859194,0.30423136128383543,-0.07788114974310867,1.9817972251523486,0.006120039748047645,2.6996854253704017,1.9937215745756243,0.627669123847352,3.7867523285826543,4.67605242130209,1.1458558678008934,2.381877388411313,4.879278177423241,0.9004023801228334,4.520589629818339,3.100064437139438,4.168741054203751,0.4161792495275929,4.700621756793977,0.41880915120353635,3.5160361052429367,3.500167409138011,0.42028579434016944,3.974470554105025,4.3559170535469205,-48.0,107.66666666666667,11.236483457225178,0.9549304826145466,3.0004831121501097,3.2583707189842492,0.05674715629902549,0.04208291873963585,0.056282801837509555,0.12609998407506273,0.14604876043894,4.5,4.25,4.375
2025-02-01,319.679,325.465,319.082,325.252,282.096,333.302,410.793,165.832,623.344,148.233,146.056,148.038,135.55,135.318,35.94,158310.0,4.2,62.5,0.22510589068882592,2.8015834477613355,4.041809643111183,0.2547452855180321,3.13755688228059,3.5268028590894174,0.4441702264292413,2.82154895174751,4.62857514256263,0.43539750866163907,3.117440610743172,4.169930107805242,-0.06235120734610078,-0.4358859425901196,13.54027965194704,0.203231256726788,2.5014761600157476,2.8893387735970277,0.29640191513724545,4.241546089860382,3.664006242541751,0.19576092998525585,-0.042796091692132165,1.9877656352800255,0.3856999528141669,3.0209977440440294,2.1393477381245196,0.17435377597567747,3.4020201456513854,4.968181774655411,0.7692785340241981,1.7095981225757617,6.965102610729557,0.23087808147761457,4.2601891695835725,5.82618087774136,1.223947248545687,-3.599977242340613,19.25891602181713,0.4200308715269552,3.5602222460318744,4.719203970033603,0.2790178571428381,4.113557358053277,3.875301944516485,42.0,77.0,11.2425276605595,1.2762195544961052,2.82154895174751,3.117440610743172,-0.004052828477496551,0.02906206971193068,0.03621577204727233,0.10789029710995734,0.05599058029716211,4.5,4.25,4.375
2025-03-01,319.785,325.69,319.799,325.933,278.906,334.527,411.639,165.719,625.993,148.055,145.494,148.514,133.504,135.487,36.11,158377.0,4.2,62.5,0.03315826188146076,2.381981462805549,2.775240302020454,0.06913185749619633,2.808783050077035,3.0422174966255877,0.22470712857509678,2.3907252538964974,5.422401661780318,0.20937611452043203,2.7894464628115845,4.966830822333135,-1.1308207135159676,-3.3884331873856866,-1.312863698049671,0.36753454824751675,2.8554298364284803,3.5153361716697695,0.2059431392453126,3.99467444110686,3.4482176506597018,-0.06814125138694394,-0.033780726888865686,1.7396572136438415,0.4249659898867941,3.0198652827400307,3.3143129843026253,-0.12008122347925143,3.1591195713519316,2.756327038741424,-0.38478391849702254,0.8267440974075058,6.269269866408944,0.32153906429430723,4.260591807364267,5.963056639991171,-1.5094061232017841,-6.6894985147649795,16.32197338531638,0.12489099750216948,3.4409833562375924,3.922573943755281,0.4730105731775236,4.213564213564225,4.790946221340664,67.0,20.333333333333332,11.29196178682552,1.7889698212414817,2.3907252538964974,2.7894464628115845,-0.07350334637853789,0.05255744039939489,-0.012606131506584628,0.07496330268529379,-0.008253003318105398,4.5,4.25,4.375
2025-04-01,320.302,326.467,320.795,326.815,277.343,334.68,413.04,165.87,628.719,147.655,145.664,148.002,134.045,135.243,36.12,158485.0,4.2,62.6,0.16167112278562268,2.32538823025783,1.6923456209746446,0.23857041972428217,2.7760200724699313,2.2727036606615902,0.31144562678433463,2.3112888616734883,3.99203620180959,0.2706077629451409,2.779123083986934,3.7230391921226236,-0.5604038636673248,-3.5700998918678284,-6.803922402498586,0.04573621860120003,2.695968627836054,2.4930149031556326,0.3403467601466259,3.988962628022441,3.4231408910351924,0.09111809750239619,0.16425319146367023,0.8777566891452704,0.4354681282378481,3.1190647234222713,5.099974814966757,-0.2701698693053256,2.398108143720057,-0.862209109649692,0.11684330625316708,0.42191765711605544,2.010273849553057,-0.34474864322555643,3.3143926173091254,0.828577578283296,0.4052313039309752,-8.12102019973543,0.4008670469205722,-0.18009107884889852,2.7416928757008074,1.465477714611918,0.02769315978952136,3.9125431530494748,3.1618122011422223,108.0,72.33333333333333,11.27685746576668,1.5510861480634075,2.3112888616734883,2.779123083986934,-0.03642625113837611,0.006540279259971604,0.016856848037943295,0.12388622069337182,0.05081402593271206,4.5,4.25,4.375
2025-05-01,320.62,326.893,321.465,327.509,275.377,335.571,414.109,165.807,629.926,148.153,145.883,148.514,133.811,135.432,36.28,158498.0,4.3,62.4,0.09928130327003792,2.3772651073680873,1.1826401101946882,0.13048792067804627,2.7658403935930886,1.766611699669407,0.2088561230692454,2.354896535474671,3.020952104347452,0.212352554197337,2.7869402973363933,2.8047196011232733,-0.7088695225767383,-3.0925694578853857,-9.192243722927461,0.26622445320905186,2.8144675766349714,2.7509887559905577,0.2588127057912004,3.867676309103074,3.268183820989967,-0.03798155181770069,0.2612244897959082,-0.06028835750971906,0.1919776561548181,2.958020881685708,4.29104094424384,0.33727269648842206,2.7242345240736654,-0.21570165993030077,0.15034600175749535,1.0991219498672988,-0.47294974753453456,0.3459412710639098,3.4911918831530997,1.292372807289488,-0.17456824200826615,-5.141637838144375,-5.0337743896473945,0.13974845278497128,2.669223946448729,0.3374100757751908,0.44296788482836025,3.9839495557466353,3.838121405851469,13.0,62.666666666666664,11.315576071361736,1.5693762152110047,2.354896535474671,2.7869402973363933,-0.04607651896748799,0.038070096808894414,-0.007026587086274627,0.09420782490799695,0.020106487606909168,4.5,4.25,4.375
2025-06-01,321.435,327.658,322.561,328.364,276.558,336.527,414.981,166.114,633.057,148.393,146.754,148.725,136.739,135.631,36.36,158478.0,4.1,62.3,0.2541949971929469,2.680453865910226,2.079915296681878,0.23402152998077685,2.910895442696071,2.43901819502772,0.34093913800881115,2.669213018222316,3.4996835043582752,0.26106152808014205,2.9344551618636805,3.0169798474726894,0.428866608322398,-0.6202296934067375,-3.3251571864827856,0.28488754987765486,2.900239113019132,2.4129680007188847,0.21057257871719415,3.823377091261171,3.28726879429162,0.18515502964291386,0.6269725404200344,0.9568353672005481,0.4970425097551079,3.3344813908580795,4.590768471591322,0.1619946946737505,2.4325425039173343,0.9163059966562637,0.5970538033903683,1.7189514396218186,3.509319662959176,0.14207414789177975,2.7787759840778303,0.5695088428947948,2.188160913527293,-2.2210304265436687,10.050617987737942,0.1469372083407361,2.5875501096739972,0.42581128683443215,0.22050716648289725,3.8560411311054033,2.7982081136152193,-20.0,33.666666666666664,11.311773764524709,1.1448987815445122,2.669213018222316,2.9344551618636805,0.02787632954095587,0.040738919632504644,0.034253680483939064,0.07664841865305867,0.07467764888248868,4.5,4.25,4.375
2025-07-01,322.169,328.682,323.048,328.98,274.85,336.941,415.931,166.468,638.219,149.597,147.662,149.853,138.512,136.554,36.47,158542.0,4.3,62.2,0.22835098853577485,2.742618052167134,2.3520143949639083,0.3125209822436803,3.0544930080893096,2.7416486181804034,0.15097919463296083,2.7049023971513986,2.8390045360457083,0.18759669147654368,3.059389625768305,2.6762643950003495,-0.6175919698580334,-1.2350558955322888,-3.547357754300473,0.12302133261223869,2.8074083114663972,2.729790062704174,0.22892614360656705,3.6874998441936535,2.829260545884038,0.21310666169016557,1.0924946407641967,1.4499105893688746,0.8154084071418488,4.3056250143003405,6.182409598626681,0.8113590263691739,3.2258732283573233,5.365614791513562,0.6187224879730779,1.8527204502814199,5.600520492730965,0.7584467977811427,3.874867429625062,5.097268874207939,1.2966308075969435,-3.0686438483663037,14.011097026743457,0.6805228893099757,2.8949906564591066,3.934210500342039,0.30253025302529046,3.9623717217788013,3.9326705650250204,64.0,19.0,11.320145637848459,1.1871934867304423,2.7049023971513986,3.059389625768305,-0.040143478040772174,0.01759205056355013,0.03942473241268063,0.0833291162727904,0.12814856732752586,4.5,4.25,4.375
2025-08-01,323.291,329.7,323.976,329.97,276.734,338.39,417.555,166.838,637.729,149.327,147.594,149.253,137.39,137.021,36.62,158472.0,4.3,62.3,0.3482644202266627,2.9385917430316155,3.3741661070110673,0.3097218588179462,3.111806098514469,3.479257852621842,0.2872638121889093,2.9161742842984006,3.1612450099104406,0.3009301477293391,3.1101472734261115,3.039767761044909,0.685464798981239,0.37286094608022236,1.9857337528215169,0.4300456162948496,3.119267173339346,3.4028224378376715,0.39044937742078734,3.6386651608980136,3.3703714286089426,0.2222649398082588,1.4835856665794678,2.510524102384637,-0.07677615364005685,4.265928974211852,5.0476955314524785,-0.1804849027721267,2.6944687055134198,3.2075717756691047,-0.04605111673958717,2.1178554378584957,4.774613758575508,-0.4003923845368629,2.972872281708794,2.005290206368837,-0.8100381194409256,-1.7555150345024972,11.135607788624146,0.3419892496741017,2.9923331328923553,4.776373593350303,0.4112969564025182,3.9750141964792762,3.8016474492405417,-70.0,-8.666666666666666,11.327256249014045,1.0068356637663145,2.9161742842984006,3.1101472734261115,0.044555211933780536,0.06149652313016349,0.041119013864527876,0.14212357338116657,0.05897009791702423,4.5,4.25,4.375
2025-09-01,324.245,330.418,324.8,330.804,280.7,339.145,418.422,167.17,639.233,150.245,147.911,150.048,137.439,137.328,36.7,158548.0,4.4,62.5,0.2950901819104068,3.0225715847133294,3.5429408107802596,0.2177737336973129,3.0199668258857892,3.412178786546005,0.2543398276415587,3.0126767755256134,2.8055722781052284,0.25275025002271523,3.0192240018186878,3.005605518357024,1.433145186352247,2.940798955556123,6.126721286556358,0.2231153402878272,3.049445624397995,3.148286715238746,0.20763731723965062,3.581083088257131,3.358260700948801,0.1989954326951926,1.5403865544176831,2.567182436714699,0.2358368523306842,3.8827251881476954,3.959812341312219,0.6147582151921682,3.046576545064239,5.086385054282494,0.21477837852488246,3.183882467020571,3.1910670589233803,0.5326526099977968,3.062023490624366,3.6060064354487276,0.0356648955528005,3.3523586076206424,2.0634744205488387,0.22405324731247234,3.0248469571480197,5.099469899909148,0.21845985800110768,3.848330503678543,3.793165852510416,76.0,23.333333333333332,11.318601674659595,0.8015320393028658,3.0126767755256134,3.0192240018186878,0.09315443711289606,0.03190549366115929,0.03681415504861063,0.07557998347523283,0.057636112612508006,4.25,4.0,4.125
2025-10-01,,,,,,,,,,150.439,147.107,150.815,131.831,138.201,36.85,158408.0,,,,,,,,,,,,,,,,,,,,,,,,,,,,,,0.12912243335883034,2.8333356118501074,2.2704611736599656,-0.5435701198693854,2.710420666783042,-1.4949785647864755,0.5111697590104436,2.8934190238377733,2.5926827688862453,-4.080355648687783,-0.4162197277575608,-17.94206475526424,0.6357042991960826,3.445410859443987,4.912451972058807,0.4087193460490468,3.9199097574732056,4.233402695577415,-140.0,-44.666666666666664,,,,,,,,,,4.0,3.75,3.875
2025-11-01,325.063,331.043,324.122,330.425,284.648,339.478,419.431,167.272,640.487,151.054,147.996,150.626,134.154,138.574,37.0,158449.0,4.5,62.5,,2.6964439164939513,2.2105436307410242,,2.5990448060944082,1.6393426399280875,,2.735084455122627,0.18038215441837924,,2.633352694698199,0.5527071839482867,,4.159454920027383,11.939268508138824,,2.580853757663837,1.2923059235639522,,3.0254425050477263,1.8092761045392258,,1.3659115975226843,1.0445975182218126,,3.2953581462259685,1.741142717370514,0.40880356822368125,3.1458479859607813,4.706962226274558,0.6043220241049196,3.0483644111462427,1.0939343553119762,-0.1253190995590625,3.198887343532686,3.7307446969017777,1.7621045125956858,3.4253070287022513,-9.093693844276219,0.2698967445966538,3.5935619397908347,4.611271804356409,0.407055630936215,3.93258426966292,4.2157927337857615,41.0,-7.666666666666667,11.38240894841923,1.2036836973382536,2.735084455122627,2.633352694698199,,,,,,4.0,3.75,3.875
2025-12-01,326.031,331.814,324.054,330.506,285.624,341.563,421.039,167.325,642.832,151.592,147.039,151.345,128.832,138.768,37.02,158432.0,4.4,62.4,0.297788428704604,2.653304114557753,2.2215431881770886,0.2329002576704653,2.6464847073089937,1.7007208971715482,-0.020979754536887274,2.6770805278750087,-0.91555888682886,0.024513883634691425,2.6393836158841166,-0.3598476055761357,0.3428796267670897,2.0709075899924656,7.203542597563639,0.6141782383541683,2.988994421830249,2.882522262184173,0.3833765267707845,3.1541165950044636,2.5253494134338084,0.03168492036922377,1.4054034398748971,0.3713960812369077,0.3661276497415322,3.530457666235587,2.271164848205842,0.356164020813754,3.0873432527269484,3.634658096569243,-0.6466390983540293,2.6099274942602335,-2.337402981427794,0.47734122926983424,3.3925631408876944,3.502649354982812,-3.967082606556649,0.21781069139337195,-22.793289499991044,0.13999740211005918,3.4115805946791866,4.260771788869788,0.0540540540540535,3.7265340431493543,3.5336203572159164,-17.0,-38.666666666666664,11.354748474838283,1.0454899020044373,2.6770805278750087,2.6393836158841166,0.02228717573986083,0.08782748808464606,0.005861710268306397,0.13954905574456555,0.04226299886722512,3.75,3.5,3.625
2026-01-01,326.588,332.793,325.252,331.95,281.436,342.194,421.965,167.394,644.926,152.468,147.669,153.015,129.619,139.457,37.15,158592.0,4.3,62.1,0.170842649932057,2.391201432150014,,0.2950448142634121,2.512028782828879,,0.36969147117456025,2.386431244904319,,0.4369058352949873,2.5036900710840415,,-1.4662633392152125,-0.296168234894012,,0.1847389793391052,2.876503941363584,,0.21993212030240183,3.024080824456332,,0.04123711340207059,1.1395219566425752,,0.32574607362421126,3.8613477113257355,,0.577866905905311,3.0363237033282697,5.505004962535809,0.42845775610553805,1.882145148715697,1.5369187435150033,1.1034391621791206,3.6006147721348247,5.963885020674176,0.6108730750124192,-3.2051138442697025,-6.544582783966013,0.4965121641877124,3.4915993825694436,3.685143138952518,0.35116153430576613,3.655133928571419,3.2964279453015166,160.0,61.333333333333336,11.375188310654401,1.2344151438236084,2.386431244904319,2.5036900710840415,-0.09530711704898881,0.026417674045492043,0.007628865979383059,0.08005529179007427,0.15204793516609644,3.75,3.5,3.625
2026-02-01,327.46,333.512,326.785,333.242,283.223,343.477,422.942,167.53,648.884,153.204,149.735,153.593,134.997,140.095,37.27,158436.0,4.4,62.0,0.26700307420970404,2.4340041103732224,2.9823678900365636,0.21605021740240815,2.4724624767640258,3.016839755388956,0.4713268481054689,2.4141129866304123,3.327141151598645,0.38921524325954415,2.4565567621413598,3.4540112788673305,0.6349578589803784,0.3995093868753852,-1.9874862316170638,0.3749335172446022,3.0527869619744186,4.795854796612686,0.2315357908831306,2.9574505894696346,3.390623671082582,0.08124544487855268,1.0239278305755217,0.6183880674507147,0.6137138214306725,4.097256089735346,5.3481674139234325,0.4827242437757562,3.3535042804233806,5.8160381626146895,1.3990749581834994,2.518896861477793,4.78361986104181,0.37774074437146865,3.7524149204933632,8.11499185762421,4.149083081955585,-0.4079675396532645,2.5373204932413795,0.45748868826951394,3.5302029293959203,4.463249043329842,0.32301480484524525,3.7006121313300167,2.951024965219662,-156.0,-4.333333333333333,11.381542783851465,1.2365112854438642,2.4141129866304123,2.4565567621413598,0.041272260833724594,0.05361549296597811,0.015030407302532245,0.08427902788145954,0.07280588522600956,3.75,3.5,3.625
2026-03-01,330.293,334.165,330.213,334.391,314.019,343.51,424.069,167.71,648.945,154.393,153.263,154.275,151.247,140.419,37.35,158650.0,4.3,61.9,0.8651438343614481,3.2859577528651984,5.332379318581104,0.19579505385114437,2.602167705486824,2.8643812793589296,1.0490077573940049,3.2564204390883145,7.821934829697752,0.3447944736857833,2.5950118582653614,4.785436771283091,10.873410704639097,12.589546298752975,46.09821752739318,0.009607630205232809,2.685283998003163,2.2996764653357316,0.2664667968657719,3.019636137489412,2.909816163610901,0.10744344296544917,1.20143133859123,0.923545951341076,0.0094007557591258,3.666494673263121,3.8583961714103276,0.7760893971436644,4.28084157914288,7.598271085536679,2.3561625538451203,5.3397390957702795,18.037262067712877,0.4440306524385873,3.879095573481295,7.971692594872182,12.037304532693316,13.290238494726768,89.95559112740644,0.23127163710339183,3.64020164296206,4.844629002986078,0.2146498524282281,3.433951813901981,3.6136008683885557,214.0,72.66666666666667,11.308141559161108,0.14328575176780767,3.2564204390883145,2.5950118582653614,0.7067716958015413,0.0013738911193482916,0.019877036948608096,0.09699391405914097,0.040127296432809545,3.75,3.5,3.625
2026-04-01,332.407,335.423,333.02,335.803,325.978,345.197,426.642,167.767,648.916,156.076,156.53,155.473,163.945,141.146,37.41,158798.0,4.3,61.8,0.6400377846336402,3.7792458367415627,7.3197742690397805,0.376460730477457,2.7433094309685213,3.19879464637014,0.850057387201586,3.8108449321217597,9.900928831171708,0.42226016848538883,2.7501797653106452,4.7243310675683325,3.808368283447816,17.536047421424005,79.98427583930079,0.49110651800530203,3.1424046850722975,3.5567684130926702,0.60674088414856,3.293143521208597,4.507800385274874,0.033987239878352504,1.1436667269548284,0.894293877603114,-0.004468791654144155,3.212404905848243,2.4977629642982,1.0900753272492958,5.70315939182553,9.806915144286332,2.131629943300073,7.459633128295273,26.250470535484972,0.7765354075514486,5.04790475804382,6.582005675423863,8.395538423902615,22.305942034391446,155.92813858865878,0.5177362037900757,4.3647360676707825,4.933226369552801,0.16064257028112205,3.5714285714285587,2.828987698352603,148.0,68.66666666666667,11.254275631981276,-0.20024935008672307,3.8108449321217597,2.7501797653106452,0.24754393842410805,0.07022823207475819,0.006287639377495213,0.22085368183007584,0.09512429292720292,3.75,3.5,3.625
2026-05-01,333.979,336.121,335.123,336.846,338.639,345.715,427.998,167.575,652.345,156.783,160.229,154.832,178.064,142.256,37.49,158861.0,4.3,61.8,0.47291422864139676,4.166614684049641,8.20407334405855,0.20809544962627768,2.8229420636110225,3.166032440833555,0.6314936039877539,4.248674039164446,10.603402347775193,0.31059877368575517,2.850914020683404,4.396670728815821,3.8840044420175523,22.972869920145843,104.37784581328447,0.1500592415345281,3.0229072238065813,2.631871642794925,0.31783087459744674,3.353947873627483,4.868172510751578,-0.11444443782150371,1.0662999752724556,0.10748674106841882,0.528419703012406,3.5589894686042456,2.150639483547412,0.45298444347625644,5.825059229310248,9.676974948230455,2.3631252794991564,9.833907994762935,31.12067648985033,-0.41229023689002275,4.2541443904278164,3.265963649633674,8.612034523773215,33.071272167460066,202.6969400234476,0.786419735592947,5.038691003603302,6.3143355753237485,0.21384656508955935,3.335170893054018,2.3821371009165704,63.0,141.66666666666666,11.225256677815073,-0.7981864376772618,4.248674039164446,2.850914020683404,0.2524602887311409,0.021458471539437515,-0.021172220996978186,0.1156904383534706,0.10447725101432592,3.75,3.5,3.625
2026-06-01,332.568,336.065,333.952,336.882,319.29,346.391,428.501,167.431,651.533,156.607,158.2,155.647,167.645,142.41,37.6,158881.0,4.2,61.5,-0.42248165303806484,3.463530729385411,2.7837257411172933,-0.016660666843182348,2.5657850563697515,2.2937962755186003,-0.349423942850835,3.5314250637863864,4.606706277344896,0.01068737642722084,2.594072431813488,3.0132067382390826,-5.713754174799712,15.45137005619075,6.8851971189994865,0.19553678608104086,2.9311169683264637,3.3972196050861214,0.1175239136631534,3.2579804858535732,4.246445237238916,-0.08593167238548638,0.7928290210337474,-0.663775710680492,-0.12447401298393279,2.9185365614786685,1.6047724605954938,-0.11225706868728258,5.535301530395631,5.860576957277219,-1.2663125901054229,7.799446693105461,13.52110963518136,0.5263769763356407,4.654227601277516,3.605019551216393,-5.85126696019408,22.60218372227383,50.94382257894523,0.10825553930942089,4.9981198988431785,5.79336773336685,0.2934115764203771,3.4103410341034257,2.7043776111311146,20.0,77.0,11.305958480671622,-0.051409124458667854,3.5314250637863864,2.594072431813488,-0.3713940213619813,0.02796176040958884,-0.01589735939131498,0.04277870457338784,-0.10593073726774527,3.75,3.5,3.625
2026-07-01,332.813,336.789,333.918,337.133,314.553,346.681,429.095,167.762,655.16,156.563,157.231,155.712,163.67,142.909,37.62,158858.0,4.1,61.4,0.07366914435544825,3.303856050706311,0.4894535132635047,0.2154345141564873,2.4665177892309265,1.6389659249104849,-0.010181103871209629,3.364825041479902,1.0829845250462933,0.07450680060079318,2.4782661559973107,1.593699153159256,-1.483604246922865,14.445333818446414,-13.299388059374696,0.08372041998780944,2.8907138044939718,1.7307184216938998,0.138622780343578,3.16494803224574,2.319730996619951,0.19769337816770705,0.7773265732753609,-0.011920762677164465,0.5566870749447839,2.65441799758388,3.9047895470175176,-0.02809580670085632,4.656510491520538,1.2539637250634117,-0.6125158027812883,6.480340236486026,1.8034193724828285,0.04176116468674884,3.909831635002292,0.6163170894584402,-2.371081750126769,18.163047245004037,-0.6692704243656089,0.35039674180183944,4.653836577471182,5.090636189373332,0.05319148936169249,3.153276665752669,2.2643664303306776,-23.0,20.0,11.303644989829124,-0.1457635665407464,3.364825041479902,2.4782661559973107,-0.09643427604998622,0.011972020058256748,0.0365732749610258,0.05045869204506239,0.07109943334108954,3.75,3.5,3.625
