{
  "latest_month": "May 2026",
  "prev_month": "April 2026",
  "jolts_month": "April 2026",
  "payroll_change_latest": 172.0,
  "payroll_change_prev": 179.0,
  "payroll_change_3m": 188.33333333333334,
  "unrate_latest": 4.3,
  "unrate_prev": 4.3,
  "claims_4w_latest": 224.25,
  "claims_4w_prev": 208.25,
  "claims_4w_chg": 16.0,
  "openings_rate_latest": 4.6,
  "openings_rate_prev": 4.2,
  "openings_rate_chg": 0.39999999999999947,
  "hires_rate_latest": 3.2,
  "hires_rate_prev": 3.5,
  "hires_rate_chg": -0.2999999999999998,
  "quits_rate_latest": 1.9,
  "quits_rate_prev": 2.0,
  "quits_rate_chg": -0.10000000000000009,
  "ahe_yoy_latest": 3.4454244762954778,
  "cpi_yoy_latest": 4.166614684049641,
  "real_wage_yoy_latest": -0.7211902077541632,
  "ulc_yoy_latest": 0.4928148088008344,
  "data_current_as_of": "2026-06-20"
}