date,fedfunds,dff,dfedtarl,dfedtaru,dgs2,dgs10,target_mid
2018-01-01,1.41,1.33,1.25,1.5,,,1.375
2018-01-02,,1.42,1.25,1.5,1.92,2.46,1.375
2018-01-03,,1.42,1.25,1.5,1.94,2.44,1.375
2018-01-04,,1.42,1.25,1.5,1.96,2.46,1.375
2018-01-05,,1.42,1.25,1.5,1.96,2.47,1.375
2018-01-06,,1.42,1.25,1.5,,,1.375
2018-01-07,,1.42,1.25,1.5,,,1.375
2018-01-08,,1.42,1.25,1.5,1.96,2.49,1.375
2018-01-09,,1.42,1.25,1.5,1.98,2.55,1.375
2018-01-10,,1.42,1.25,1.5,1.98,2.55,1.375
2018-01-11,,1.42,1.25,1.5,1.98,2.54,1.375
2018-01-12,,1.42,1.25,1.5,1.99,2.55,1.375
2018-01-13,,1.42,1.25,1.5,,,1.375
2018-01-14,,1.42,1.25,1.5,,,1.375
2018-01-15,,1.42,1.25,1.5,,,1.375
2018-01-16,,1.42,1.25,1.5,2.03,2.54,1.375
2018-01-17,,1.42,1.25,1.5,2.05,2.57,1.375
2018-01-18,,1.42,1.25,1.5,2.05,2.62,1.375
2018-01-19,,1.42,1.25,1.5,2.06,2.64,1.375
2018-01-20,,1.42,1.25,1.5,,,1.375
2018-01-21,,1.42,1.25,1.5,,,1.375
2018-01-22,,1.42,1.25,1.5,2.08,2.66,1.375
2018-01-23,,1.42,1.25,1.5,2.06,2.63,1.375
2018-01-24,,1.42,1.25,1.5,2.08,2.65,1.375
2018-01-25,,1.42,1.25,1.5,2.08,2.63,1.375
2018-01-26,,1.42,1.25,1.5,2.13,2.66,1.375
2018-01-27,,1.42,1.25,1.5,,,1.375
2018-01-28,,1.42,1.25,1.5,,,1.375
2018-01-29,,1.42,1.25,1.5,2.11,2.7,1.375
2018-01-30,,1.42,1.25,1.5,2.13,2.73,1.375
2018-01-31,,1.34,1.25,1.5,2.14,2.72,1.375
2018-02-01,1.42,1.42,1.25,1.5,2.16,2.78,1.375
2018-02-02,,1.42,1.25,1.5,2.15,2.84,1.375
2018-02-03,,1.42,1.25,1.5,,,1.375
2018-02-04,,1.42,1.25,1.5,,,1.375
2018-02-05,,1.42,1.25,1.5,2.08,2.77,1.375
2018-02-06,,1.42,1.25,1.5,2.1,2.79,1.375
2018-02-07,,1.42,1.25,1.5,2.15,2.84,1.375
2018-02-08,,1.42,1.25,1.5,2.13,2.85,1.375
2018-02-09,,1.42,1.25,1.5,2.05,2.83,1.375
2018-02-10,,1.42,1.25,1.5,,,1.375
2018-02-11,,1.42,1.25,1.5,,,1.375
2018-02-12,,1.42,1.25,1.5,2.09,2.86,1.375
2018-02-13,,1.42,1.25,1.5,2.1,2.83,1.375
2018-02-14,,1.42,1.25,1.5,2.17,2.91,1.375
2018-02-15,,1.42,1.25,1.5,2.19,2.9,1.375
2018-02-16,,1.42,1.25,1.5,2.21,2.87,1.375
2018-02-17,,1.42,1.25,1.5,,,1.375
2018-02-18,,1.42,1.25,1.5,,,1.375
2018-02-19,,1.42,1.25,1.5,,,1.375
2018-02-20,,1.42,1.25,1.5,2.25,2.88,1.375
2018-02-21,,1.42,1.25,1.5,2.26,2.94,1.375
2018-02-22,,1.42,1.25,1.5,2.25,2.92,1.375
2018-02-23,,1.42,1.25,1.5,2.25,2.88,1.375
2018-02-24,,1.42,1.25,1.5,,,1.375
2018-02-25,,1.42,1.25,1.5,,,1.375
2018-02-26,,1.42,1.25,1.5,2.22,2.86,1.375
2018-02-27,,1.42,1.25,1.5,2.27,2.9,1.375
2018-02-28,,1.35,1.25,1.5,2.25,2.87,1.375
2018-03-01,1.51,1.42,1.25,1.5,2.22,2.81,1.375
2018-03-02,,1.42,1.25,1.5,2.25,2.86,1.375
2018-03-03,,1.42,1.25,1.5,,,1.375
2018-03-04,,1.42,1.25,1.5,,,1.375
2018-03-05,,1.42,1.25,1.5,2.24,2.88,1.375
2018-03-06,,1.42,1.25,1.5,2.25,2.88,1.375
2018-03-07,,1.42,1.25,1.5,2.25,2.89,1.375
2018-03-08,,1.42,1.25,1.5,2.25,2.86,1.375
2018-03-09,,1.42,1.25,1.5,2.27,2.9,1.375
2018-03-10,,1.42,1.25,1.5,,,1.375
2018-03-11,,1.42,1.25,1.5,,,1.375
2018-03-12,,1.42,1.25,1.5,2.27,2.87,1.375
2018-03-13,,1.42,1.25,1.5,2.26,2.84,1.375
2018-03-14,,1.42,1.25,1.5,2.26,2.81,1.375
2018-03-15,,1.43,1.25,1.5,2.29,2.82,1.375
2018-03-16,,1.43,1.25,1.5,2.31,2.85,1.375
2018-03-17,,1.43,1.25,1.5,,,1.375
2018-03-18,,1.43,1.25,1.5,,,1.375
2018-03-19,,1.43,1.25,1.5,2.31,2.85,1.375
2018-03-20,,1.44,1.25,1.5,2.34,2.89,1.375
2018-03-21,,1.44,1.25,1.5,2.31,2.89,1.375
2018-03-22,,1.68,1.5,1.75,2.29,2.83,1.625
2018-03-23,,1.68,1.5,1.75,2.28,2.82,1.625
2018-03-24,,1.68,1.5,1.75,,,1.625
2018-03-25,,1.68,1.5,1.75,,,1.625
2018-03-26,,1.68,1.5,1.75,2.33,2.85,1.625
2018-03-27,,1.68,1.5,1.75,2.26,2.78,1.625
2018-03-28,,1.68,1.5,1.75,2.28,2.77,1.625
2018-03-29,,1.68,1.5,1.75,2.27,2.74,1.625
2018-03-30,,1.67,1.5,1.75,,,1.625
2018-03-31,,1.67,1.5,1.75,,,1.625
2018-04-01,1.69,1.67,1.5,1.75,,,1.625
2018-04-02,,1.68,1.5,1.75,2.25,2.73,1.625
2018-04-03,,1.69,1.5,1.75,2.28,2.79,1.625
2018-04-04,,1.69,1.5,1.75,2.28,2.79,1.625
2018-04-05,,1.69,1.5,1.75,2.3,2.83,1.625
2018-04-06,,1.69,1.5,1.75,2.27,2.77,1.625
2018-04-07,,1.69,1.5,1.75,,,1.625
2018-04-08,,1.69,1.5,1.75,,,1.625
2018-04-09,,1.69,1.5,1.75,2.29,2.78,1.625
2018-04-10,,1.69,1.5,1.75,2.32,2.8,1.625
2018-04-11,,1.69,1.5,1.75,2.32,2.79,1.625
2018-04-12,,1.69,1.5,1.75,2.34,2.83,1.625
2018-04-13,,1.69,1.5,1.75,2.37,2.82,1.625
2018-04-14,,1.69,1.5,1.75,,,1.625
2018-04-15,,1.69,1.5,1.75,,,1.625
2018-04-16,,1.69,1.5,1.75,2.39,2.83,1.625
2018-04-17,,1.69,1.5,1.75,2.41,2.82,1.625
2018-04-18,,1.69,1.5,1.75,2.42,2.87,1.625
2018-04-19,,1.69,1.5,1.75,2.44,2.92,1.625
2018-04-20,,1.7,1.5,1.75,2.46,2.96,1.625
2018-04-21,,1.7,1.5,1.75,,,1.625
2018-04-22,,1.7,1.5,1.75,,,1.625
2018-04-23,,1.7,1.5,1.75,2.49,2.98,1.625
2018-04-24,,1.7,1.5,1.75,2.48,3.0,1.625
2018-04-25,,1.7,1.5,1.75,2.49,3.03,1.625
2018-04-26,,1.7,1.5,1.75,2.49,3.0,1.625
2018-04-27,,1.7,1.5,1.75,2.49,2.96,1.625
2018-04-28,,1.7,1.5,1.75,,,1.625
2018-04-29,,1.7,1.5,1.75,,,1.625
2018-04-30,,1.69,1.5,1.75,2.49,2.95,1.625
2018-05-01,1.7,1.7,1.5,1.75,2.5,2.97,1.625
2018-05-02,,1.7,1.5,1.75,2.49,2.97,1.625
2018-05-03,,1.7,1.5,1.75,2.49,2.94,1.625
2018-05-04,,1.7,1.5,1.75,2.51,2.95,1.625
2018-05-05,,1.7,1.5,1.75,,,1.625
2018-05-06,,1.7,1.5,1.75,,,1.625
2018-05-07,,1.7,1.5,1.75,2.49,2.95,1.625
2018-05-08,,1.7,1.5,1.75,2.51,2.97,1.625
2018-05-09,,1.7,1.5,1.75,2.54,3.0,1.625
2018-05-10,,1.7,1.5,1.75,2.54,2.97,1.625
2018-05-11,,1.7,1.5,1.75,2.54,2.97,1.625
2018-05-12,,1.7,1.5,1.75,,,1.625
2018-05-13,,1.7,1.5,1.75,,,1.625
2018-05-14,,1.7,1.5,1.75,2.55,3.0,1.625
2018-05-15,,1.7,1.5,1.75,2.58,3.08,1.625
2018-05-16,,1.7,1.5,1.75,2.58,3.09,1.625
2018-05-17,,1.7,1.5,1.75,2.57,3.11,1.625
2018-05-18,,1.7,1.5,1.75,2.55,3.06,1.625
2018-05-19,,1.7,1.5,1.75,,,1.625
2018-05-20,,1.7,1.5,1.75,,,1.625
2018-05-21,,1.7,1.5,1.75,2.58,3.06,1.625
2018-05-22,,1.7,1.5,1.75,2.59,3.06,1.625
2018-05-23,,1.7,1.5,1.75,2.53,3.01,1.625
2018-05-24,,1.7,1.5,1.75,2.5,2.98,1.625
2018-05-25,,1.7,1.5,1.75,2.48,2.93,1.625
2018-05-26,,1.7,1.5,1.75,,,1.625
2018-05-27,,1.7,1.5,1.75,,,1.625
2018-05-28,,1.7,1.5,1.75,,,1.625
2018-05-29,,1.7,1.5,1.75,2.32,2.77,1.625
2018-05-30,,1.7,1.5,1.75,2.42,2.84,1.625
2018-05-31,,1.7,1.5,1.75,2.4,2.83,1.625
2018-06-01,1.82,1.7,1.5,1.75,2.47,2.89,1.625
2018-06-02,,1.7,1.5,1.75,,,1.625
2018-06-03,,1.7,1.5,1.75,,,1.625
2018-06-04,,1.7,1.5,1.75,2.52,2.94,1.625
2018-06-05,,1.7,1.5,1.75,2.49,2.92,1.625
2018-06-06,,1.7,1.5,1.75,2.52,2.97,1.625
2018-06-07,,1.7,1.5,1.75,2.5,2.93,1.625
2018-06-08,,1.7,1.5,1.75,2.5,2.93,1.625
2018-06-09,,1.7,1.5,1.75,,,1.625
2018-06-10,,1.7,1.5,1.75,,,1.625
2018-06-11,,1.7,1.5,1.75,2.52,2.96,1.625
2018-06-12,,1.7,1.5,1.75,2.54,2.96,1.625
2018-06-13,,1.7,1.5,1.75,2.59,2.98,1.625
2018-06-14,,1.9,1.75,2.0,2.59,2.94,1.875
2018-06-15,,1.9,1.75,2.0,2.55,2.93,1.875
2018-06-16,,1.9,1.75,2.0,,,1.875
2018-06-17,,1.9,1.75,2.0,,,1.875
2018-06-18,,1.9,1.75,2.0,2.56,2.92,1.875
2018-06-19,,1.91,1.75,2.0,2.54,2.89,1.875
2018-06-20,,1.92,1.75,2.0,2.56,2.93,1.875
2018-06-21,,1.92,1.75,2.0,2.56,2.9,1.875
2018-06-22,,1.92,1.75,2.0,2.56,2.9,1.875
2018-06-23,,1.92,1.75,2.0,,,1.875
2018-06-24,,1.92,1.75,2.0,,,1.875
2018-06-25,,1.92,1.75,2.0,2.54,2.87,1.875
2018-06-26,,1.92,1.75,2.0,2.53,2.88,1.875
2018-06-27,,1.91,1.75,2.0,2.52,2.83,1.875
2018-06-28,,1.91,1.75,2.0,2.52,2.84,1.875
2018-06-29,,1.91,1.75,2.0,2.52,2.85,1.875
2018-06-30,,1.91,1.75,2.0,,,1.875
2018-07-01,1.91,1.91,1.75,2.0,,,1.875
2018-07-02,,1.91,1.75,2.0,2.57,2.87,1.875
2018-07-03,,1.91,1.75,2.0,2.53,2.83,1.875
2018-07-04,,1.91,1.75,2.0,,,1.875
2018-07-05,,1.91,1.75,2.0,2.55,2.84,1.875
2018-07-06,,1.91,1.75,2.0,2.53,2.82,1.875
2018-07-07,,1.91,1.75,2.0,,,1.875
2018-07-08,,1.91,1.75,2.0,,,1.875
2018-07-09,,1.91,1.75,2.0,2.57,2.86,1.875
2018-07-10,,1.91,1.75,2.0,2.59,2.87,1.875
2018-07-11,,1.91,1.75,2.0,2.58,2.85,1.875
2018-07-12,,1.91,1.75,2.0,2.6,2.85,1.875
2018-07-13,,1.91,1.75,2.0,2.59,2.83,1.875
2018-07-14,,1.91,1.75,2.0,,,1.875
2018-07-15,,1.91,1.75,2.0,,,1.875
2018-07-16,,1.91,1.75,2.0,2.59,2.85,1.875
2018-07-17,,1.91,1.75,2.0,2.62,2.86,1.875
2018-07-18,,1.91,1.75,2.0,2.6,2.88,1.875
2018-07-19,,1.91,1.75,2.0,2.6,2.84,1.875
2018-07-20,,1.91,1.75,2.0,2.6,2.89,1.875
2018-07-21,,1.91,1.75,2.0,,,1.875
2018-07-22,,1.91,1.75,2.0,,,1.875
2018-07-23,,1.91,1.75,2.0,2.64,2.96,1.875
2018-07-24,,1.91,1.75,2.0,2.63,2.95,1.875
2018-07-25,,1.91,1.75,2.0,2.66,2.94,1.875
2018-07-26,,1.91,1.75,2.0,2.69,2.98,1.875
2018-07-27,,1.91,1.75,2.0,2.67,2.96,1.875
2018-07-28,,1.91,1.75,2.0,,,1.875
2018-07-29,,1.91,1.75,2.0,,,1.875
2018-07-30,,1.91,1.75,2.0,2.66,2.98,1.875
2018-07-31,,1.91,1.75,2.0,2.67,2.96,1.875
2018-08-01,1.91,1.91,1.75,2.0,2.67,3.0,1.875
2018-08-02,,1.91,1.75,2.0,2.66,2.98,1.875
2018-08-03,,1.91,1.75,2.0,2.63,2.95,1.875
2018-08-04,,1.91,1.75,2.0,,,1.875
2018-08-05,,1.91,1.75,2.0,,,1.875
2018-08-06,,1.91,1.75,2.0,2.64,2.94,1.875
2018-08-07,,1.91,1.75,2.0,2.68,2.98,1.875
2018-08-08,,1.91,1.75,2.0,2.68,2.96,1.875
2018-08-09,,1.91,1.75,2.0,2.64,2.93,1.875
2018-08-10,,1.91,1.75,2.0,2.61,2.87,1.875
2018-08-11,,1.91,1.75,2.0,,,1.875
2018-08-12,,1.91,1.75,2.0,,,1.875
2018-08-13,,1.91,1.75,2.0,2.61,2.88,1.875
2018-08-14,,1.91,1.75,2.0,2.63,2.89,1.875
2018-08-15,,1.91,1.75,2.0,2.61,2.86,1.875
2018-08-16,,1.92,1.75,2.0,2.63,2.87,1.875
2018-08-17,,1.92,1.75,2.0,2.61,2.87,1.875
2018-08-18,,1.92,1.75,2.0,,,1.875
2018-08-19,,1.92,1.75,2.0,,,1.875
2018-08-20,,1.92,1.75,2.0,2.6,2.82,1.875
2018-08-21,,1.92,1.75,2.0,2.61,2.85,1.875
2018-08-22,,1.92,1.75,2.0,2.6,2.82,1.875
2018-08-23,,1.92,1.75,2.0,2.61,2.82,1.875
2018-08-24,,1.92,1.75,2.0,2.63,2.82,1.875
2018-08-25,,1.92,1.75,2.0,,,1.875
2018-08-26,,1.92,1.75,2.0,,,1.875
2018-08-27,,1.92,1.75,2.0,2.67,2.85,1.875
2018-08-28,,1.92,1.75,2.0,2.67,2.88,1.875
2018-08-29,,1.92,1.75,2.0,2.67,2.89,1.875
2018-08-30,,1.92,1.75,2.0,2.64,2.86,1.875
2018-08-31,,1.91,1.75,2.0,2.62,2.86,1.875
2018-09-01,1.95,1.91,1.75,2.0,,,1.875
2018-09-02,,1.91,1.75,2.0,,,1.875
2018-09-03,,1.91,1.75,2.0,,,1.875
2018-09-04,,1.92,1.75,2.0,2.66,2.9,1.875
2018-09-05,,1.92,1.75,2.0,2.66,2.9,1.875
2018-09-06,,1.92,1.75,2.0,2.64,2.88,1.875
2018-09-07,,1.92,1.75,2.0,2.71,2.94,1.875
2018-09-08,,1.92,1.75,2.0,,,1.875
2018-09-09,,1.92,1.75,2.0,,,1.875
2018-09-10,,1.92,1.75,2.0,2.73,2.94,1.875
2018-09-11,,1.92,1.75,2.0,2.76,2.98,1.875
2018-09-12,,1.92,1.75,2.0,2.74,2.97,1.875
2018-09-13,,1.92,1.75,2.0,2.76,2.97,1.875
2018-09-14,,1.92,1.75,2.0,2.78,2.99,1.875
2018-09-15,,1.92,1.75,2.0,,,1.875
2018-09-16,,1.92,1.75,2.0,,,1.875
2018-09-17,,1.92,1.75,2.0,2.78,2.99,1.875
2018-09-18,,1.92,1.75,2.0,2.81,3.05,1.875
2018-09-19,,1.92,1.75,2.0,2.81,3.08,1.875
2018-09-20,,1.92,1.75,2.0,2.81,3.07,1.875
2018-09-21,,1.92,1.75,2.0,2.81,3.07,1.875
2018-09-22,,1.92,1.75,2.0,,,1.875
2018-09-23,,1.92,1.75,2.0,,,1.875
2018-09-24,,1.93,1.75,2.0,2.83,3.08,1.875
2018-09-25,,1.93,1.75,2.0,2.83,3.1,1.875
2018-09-26,,1.93,1.75,2.0,2.83,3.06,1.875
2018-09-27,,2.18,2.0,2.25,2.83,3.06,2.125
2018-09-28,,2.18,2.0,2.25,2.81,3.05,2.125
2018-09-29,,2.18,2.0,2.25,,,2.125
2018-09-30,,2.18,2.0,2.25,,,2.125
2018-10-01,2.19,2.18,2.0,2.25,2.82,3.09,2.125
2018-10-02,,2.18,2.0,2.25,2.82,3.05,2.125
2018-10-03,,2.18,2.0,2.25,2.85,3.15,2.125
2018-10-04,,2.18,2.0,2.25,2.87,3.19,2.125
2018-10-05,,2.18,2.0,2.25,2.88,3.23,2.125
2018-10-06,,2.18,2.0,2.25,,,2.125
2018-10-07,,2.18,2.0,2.25,,,2.125
2018-10-08,,2.18,2.0,2.25,,,2.125
2018-10-09,,2.18,2.0,2.25,2.88,3.21,2.125
2018-10-10,,2.18,2.0,2.25,2.88,3.22,2.125
2018-10-11,,2.18,2.0,2.25,2.85,3.14,2.125
2018-10-12,,2.18,2.0,2.25,2.85,3.15,2.125
2018-10-13,,2.18,2.0,2.25,,,2.125
2018-10-14,,2.18,2.0,2.25,,,2.125
2018-10-15,,2.18,2.0,2.25,2.85,3.16,2.125
2018-10-16,,2.18,2.0,2.25,2.87,3.16,2.125
2018-10-17,,2.19,2.0,2.25,2.89,3.19,2.125
2018-10-18,,2.19,2.0,2.25,2.87,3.17,2.125
2018-10-19,,2.19,2.0,2.25,2.92,3.2,2.125
2018-10-20,,2.19,2.0,2.25,,,2.125
2018-10-21,,2.19,2.0,2.25,,,2.125
2018-10-22,,2.19,2.0,2.25,2.92,3.2,2.125
2018-10-23,,2.2,2.0,2.25,2.89,3.17,2.125
2018-10-24,,2.2,2.0,2.25,2.84,3.1,2.125
2018-10-25,,2.2,2.0,2.25,2.86,3.14,2.125
2018-10-26,,2.2,2.0,2.25,2.81,3.08,2.125
2018-10-27,,2.2,2.0,2.25,,,2.125
2018-10-28,,2.2,2.0,2.25,,,2.125
2018-10-29,,2.2,2.0,2.25,2.81,3.08,2.125
2018-10-30,,2.2,2.0,2.25,2.84,3.12,2.125
2018-10-31,,2.2,2.0,2.25,2.87,3.15,2.125
2018-11-01,2.2,2.2,2.0,2.25,2.84,3.14,2.125
2018-11-02,,2.19,2.0,2.25,2.91,3.22,2.125
2018-11-03,,2.19,2.0,2.25,,,2.125
2018-11-04,,2.19,2.0,2.25,,,2.125
2018-11-05,,2.2,2.0,2.25,2.91,3.2,2.125
2018-11-06,,2.2,2.0,2.25,2.93,3.22,2.125
2018-11-07,,2.2,2.0,2.25,2.96,3.22,2.125
2018-11-08,,2.2,2.0,2.25,2.98,3.24,2.125
2018-11-09,,2.19,2.0,2.25,2.94,3.19,2.125
2018-11-10,,2.19,2.0,2.25,,,2.125
2018-11-11,,2.19,2.0,2.25,,,2.125
2018-11-12,,2.19,2.0,2.25,,,2.125
2018-11-13,,2.2,2.0,2.25,2.89,3.14,2.125
2018-11-14,,2.2,2.0,2.25,2.86,3.12,2.125
2018-11-15,,2.2,2.0,2.25,2.86,3.11,2.125
2018-11-16,,2.2,2.0,2.25,2.81,3.08,2.125
2018-11-17,,2.2,2.0,2.25,,,2.125
2018-11-18,,2.2,2.0,2.25,,,2.125
2018-11-19,,2.2,2.0,2.25,2.79,3.06,2.125
2018-11-20,,2.2,2.0,2.25,2.79,3.06,2.125
2018-11-21,,2.2,2.0,2.25,2.81,3.06,2.125
2018-11-22,,2.2,2.0,2.25,,,2.125
2018-11-23,,2.2,2.0,2.25,2.81,3.05,2.125
2018-11-24,,2.2,2.0,2.25,,,2.125
2018-11-25,,2.2,2.0,2.25,,,2.125
2018-11-26,,2.2,2.0,2.25,2.84,3.07,2.125
2018-11-27,,2.2,2.0,2.25,2.83,3.06,2.125
2018-11-28,,2.2,2.0,2.25,2.81,3.06,2.125
2018-11-29,,2.2,2.0,2.25,2.81,3.03,2.125
2018-11-30,,2.2,2.0,2.25,2.8,3.01,2.125
2018-12-01,2.27,2.2,2.0,2.25,,,2.125
2018-12-02,,2.2,2.0,2.25,,,2.125
2018-12-03,,2.19,2.0,2.25,2.83,2.98,2.125
2018-12-04,,2.2,2.0,2.25,2.8,2.91,2.125
2018-12-05,,2.2,2.0,2.25,,,2.125
2018-12-06,,2.2,2.0,2.25,2.75,2.87,2.125
2018-12-07,,2.19,2.0,2.25,2.72,2.85,2.125
2018-12-08,,2.19,2.0,2.25,,,2.125
2018-12-09,,2.19,2.0,2.25,,,2.125
2018-12-10,,2.2,2.0,2.25,2.72,2.85,2.125
2018-12-11,,2.19,2.0,2.25,2.78,2.89,2.125
2018-12-12,,2.19,2.0,2.25,2.77,2.91,2.125
2018-12-13,,2.19,2.0,2.25,2.75,2.91,2.125
2018-12-14,,2.19,2.0,2.25,2.73,2.89,2.125
2018-12-15,,2.19,2.0,2.25,,,2.125
2018-12-16,,2.19,2.0,2.25,,,2.125
2018-12-17,,2.2,2.0,2.25,2.7,2.86,2.125
2018-12-18,,2.2,2.0,2.25,2.65,2.82,2.125
2018-12-19,,2.2,2.0,2.25,2.63,2.77,2.125
2018-12-20,,2.4,2.25,2.5,2.67,2.79,2.375
2018-12-21,,2.4,2.25,2.5,2.63,2.79,2.375
2018-12-22,,2.4,2.25,2.5,,,2.375
2018-12-23,,2.4,2.25,2.5,,,2.375
2018-12-24,,2.4,2.25,2.5,2.55,2.74,2.375
2018-12-25,,2.4,2.25,2.5,,,2.375
2018-12-26,,2.4,2.25,2.5,2.61,2.81,2.375
2018-12-27,,2.4,2.25,2.5,2.56,2.77,2.375
2018-12-28,,2.4,2.25,2.5,2.52,2.72,2.375
2018-12-29,,2.4,2.25,2.5,,,2.375
2018-12-30,,2.4,2.25,2.5,,,2.375
2018-12-31,,2.4,2.25,2.5,2.48,2.69,2.375
2019-01-01,2.4,2.4,2.25,2.5,,,2.375
2019-01-02,,2.4,2.25,2.5,2.5,2.66,2.375
2019-01-03,,2.4,2.25,2.5,2.39,2.56,2.375
2019-01-04,,2.4,2.25,2.5,2.5,2.67,2.375
2019-01-05,,2.4,2.25,2.5,,,2.375
2019-01-06,,2.4,2.25,2.5,,,2.375
2019-01-07,,2.4,2.25,2.5,2.53,2.7,2.375
2019-01-08,,2.4,2.25,2.5,2.58,2.73,2.375
2019-01-09,,2.4,2.25,2.5,2.56,2.74,2.375
2019-01-10,,2.4,2.25,2.5,2.56,2.74,2.375
2019-01-11,,2.4,2.25,2.5,2.55,2.71,2.375
2019-01-12,,2.4,2.25,2.5,,,2.375
2019-01-13,,2.4,2.25,2.5,,,2.375
2019-01-14,,2.4,2.25,2.5,2.53,2.71,2.375
2019-01-15,,2.4,2.25,2.5,2.53,2.72,2.375
2019-01-16,,2.4,2.25,2.5,2.55,2.73,2.375
2019-01-17,,2.4,2.25,2.5,2.56,2.75,2.375
2019-01-18,,2.4,2.25,2.5,2.62,2.79,2.375
2019-01-19,,2.4,2.25,2.5,,,2.375
2019-01-20,,2.4,2.25,2.5,,,2.375
2019-01-21,,2.4,2.25,2.5,,,2.375
2019-01-22,,2.4,2.25,2.5,2.58,2.74,2.375
2019-01-23,,2.4,2.25,2.5,2.58,2.76,2.375
2019-01-24,,2.4,2.25,2.5,2.56,2.72,2.375
2019-01-25,,2.4,2.25,2.5,2.6,2.76,2.375
2019-01-26,,2.4,2.25,2.5,,,2.375
2019-01-27,,2.4,2.25,2.5,,,2.375
2019-01-28,,2.4,2.25,2.5,2.6,2.75,2.375
2019-01-29,,2.4,2.25,2.5,2.56,2.72,2.375
2019-01-30,,2.4,2.25,2.5,2.52,2.7,2.375
2019-01-31,,2.4,2.25,2.5,2.45,2.63,2.375
2019-02-01,2.4,2.4,2.25,2.5,2.52,2.7,2.375
2019-02-02,,2.4,2.25,2.5,,,2.375
2019-02-03,,2.4,2.25,2.5,,,2.375
2019-02-04,,2.4,2.25,2.5,2.53,2.73,2.375
2019-02-05,,2.4,2.25,2.5,2.53,2.71,2.375
2019-02-06,,2.4,2.25,2.5,2.52,2.7,2.375
2019-02-07,,2.4,2.25,2.5,2.48,2.65,2.375
2019-02-08,,2.4,2.25,2.5,2.45,2.63,2.375
2019-02-09,,2.4,2.25,2.5,,,2.375
2019-02-10,,2.4,2.25,2.5,,,2.375
2019-02-11,,2.4,2.25,2.5,2.48,2.65,2.375
2019-02-12,,2.4,2.25,2.5,2.5,2.68,2.375
2019-02-13,,2.4,2.25,2.5,2.53,2.71,2.375
2019-02-14,,2.4,2.25,2.5,2.5,2.66,2.375
2019-02-15,,2.4,2.25,2.5,2.52,2.66,2.375
2019-02-16,,2.4,2.25,2.5,,,2.375
2019-02-17,,2.4,2.25,2.5,,,2.375
2019-02-18,,2.4,2.25,2.5,,,2.375
2019-02-19,,2.4,2.25,2.5,2.5,2.65,2.375
2019-02-20,,2.4,2.25,2.5,2.5,2.65,2.375
2019-02-21,,2.4,2.25,2.5,2.53,2.69,2.375
2019-02-22,,2.4,2.25,2.5,2.48,2.65,2.375
2019-02-23,,2.4,2.25,2.5,,,2.375
2019-02-24,,2.4,2.25,2.5,,,2.375
2019-02-25,,2.4,2.25,2.5,2.51,2.67,2.375
2019-02-26,,2.4,2.25,2.5,2.48,2.64,2.375
2019-02-27,,2.4,2.25,2.5,2.5,2.69,2.375
2019-02-28,,2.4,2.25,2.5,2.52,2.73,2.375
2019-03-01,2.41,2.4,2.25,2.5,2.55,2.76,2.375
2019-03-02,,2.4,2.25,2.5,,,2.375
2019-03-03,,2.4,2.25,2.5,,,2.375
2019-03-04,,2.4,2.25,2.5,2.55,2.72,2.375
2019-03-05,,2.4,2.25,2.5,2.55,2.72,2.375
2019-03-06,,2.4,2.25,2.5,2.52,2.69,2.375
2019-03-07,,2.4,2.25,2.5,2.47,2.64,2.375
2019-03-08,,2.4,2.25,2.5,2.45,2.62,2.375
2019-03-09,,2.4,2.25,2.5,,,2.375
2019-03-10,,2.4,2.25,2.5,,,2.375
2019-03-11,,2.4,2.25,2.5,2.47,2.64,2.375
2019-03-12,,2.4,2.25,2.5,2.45,2.61,2.375
2019-03-13,,2.4,2.25,2.5,2.45,2.61,2.375
2019-03-14,,2.4,2.25,2.5,2.46,2.63,2.375
2019-03-15,,2.4,2.25,2.5,2.43,2.59,2.375
2019-03-16,,2.4,2.25,2.5,,,2.375
2019-03-17,,2.4,2.25,2.5,,,2.375
2019-03-18,,2.4,2.25,2.5,2.45,2.6,2.375
2019-03-19,,2.4,2.25,2.5,2.46,2.61,2.375
2019-03-20,,2.41,2.25,2.5,2.4,2.54,2.375
2019-03-21,,2.41,2.25,2.5,2.41,2.54,2.375
2019-03-22,,2.41,2.25,2.5,2.31,2.44,2.375
2019-03-23,,2.41,2.25,2.5,,,2.375
2019-03-24,,2.41,2.25,2.5,,,2.375
2019-03-25,,2.4,2.25,2.5,2.26,2.43,2.375
2019-03-26,,2.4,2.25,2.5,2.24,2.41,2.375
2019-03-27,,2.41,2.25,2.5,2.22,2.39,2.375
2019-03-28,,2.41,2.25,2.5,2.23,2.39,2.375
2019-03-29,,2.43,2.25,2.5,2.27,2.41,2.375
2019-03-30,,2.43,2.25,2.5,,,2.375
2019-03-31,,2.43,2.25,2.5,,,2.375
2019-04-01,2.42,2.41,2.25,2.5,2.33,2.49,2.375
2019-04-02,,2.41,2.25,2.5,2.3,2.48,2.375
2019-04-03,,2.41,2.25,2.5,2.33,2.52,2.375
2019-04-04,,2.41,2.25,2.5,2.33,2.51,2.375
2019-04-05,,2.41,2.25,2.5,2.35,2.5,2.375
2019-04-06,,2.41,2.25,2.5,,,2.375
2019-04-07,,2.41,2.25,2.5,,,2.375
2019-04-08,,2.41,2.25,2.5,2.36,2.52,2.375
2019-04-09,,2.41,2.25,2.5,2.35,2.51,2.375
2019-04-10,,2.41,2.25,2.5,2.31,2.48,2.375
2019-04-11,,2.41,2.25,2.5,2.35,2.51,2.375
2019-04-12,,2.41,2.25,2.5,2.4,2.56,2.375
2019-04-13,,2.41,2.25,2.5,,,2.375
2019-04-14,,2.41,2.25,2.5,,,2.375
2019-04-15,,2.41,2.25,2.5,2.4,2.55,2.375
2019-04-16,,2.41,2.25,2.5,2.41,2.6,2.375
2019-04-17,,2.42,2.25,2.5,2.4,2.59,2.375
2019-04-18,,2.43,2.25,2.5,2.38,2.57,2.375
2019-04-19,,2.44,2.25,2.5,,,2.375
2019-04-20,,2.44,2.25,2.5,,,2.375
2019-04-21,,2.44,2.25,2.5,,,2.375
2019-04-22,,2.44,2.25,2.5,2.38,2.59,2.375
2019-04-23,,2.44,2.25,2.5,2.36,2.57,2.375
2019-04-24,,2.44,2.25,2.5,2.32,2.53,2.375
2019-04-25,,2.44,2.25,2.5,2.33,2.54,2.375
2019-04-26,,2.44,2.25,2.5,2.28,2.51,2.375
2019-04-27,,2.44,2.25,2.5,,,2.375
2019-04-28,,2.44,2.25,2.5,,,2.375
2019-04-29,,2.45,2.25,2.5,2.3,2.54,2.375
2019-04-30,,2.45,2.25,2.5,2.27,2.51,2.375
2019-05-01,2.39,2.45,2.25,2.5,2.31,2.52,2.375
2019-05-02,,2.41,2.25,2.5,2.35,2.55,2.375
2019-05-03,,2.4,2.25,2.5,2.33,2.54,2.375
2019-05-04,,2.4,2.25,2.5,,,2.375
2019-05-05,,2.4,2.25,2.5,,,2.375
2019-05-06,,2.4,2.25,2.5,2.31,2.51,2.375
2019-05-07,,2.4,2.25,2.5,2.28,2.45,2.375
2019-05-08,,2.39,2.25,2.5,2.3,2.49,2.375
2019-05-09,,2.38,2.25,2.5,2.26,2.45,2.375
2019-05-10,,2.38,2.25,2.5,2.26,2.47,2.375
2019-05-11,,2.38,2.25,2.5,,,2.375
2019-05-12,,2.38,2.25,2.5,,,2.375
2019-05-13,,2.38,2.25,2.5,2.18,2.4,2.375
2019-05-14,,2.38,2.25,2.5,2.2,2.42,2.375
2019-05-15,,2.4,2.25,2.5,2.16,2.37,2.375
2019-05-16,,2.39,2.25,2.5,2.2,2.4,2.375
2019-05-17,,2.39,2.25,2.5,2.2,2.39,2.375
2019-05-18,,2.39,2.25,2.5,,,2.375
2019-05-19,,2.39,2.25,2.5,,,2.375
2019-05-20,,2.39,2.25,2.5,2.21,2.41,2.375
2019-05-21,,2.39,2.25,2.5,2.26,2.43,2.375
2019-05-22,,2.38,2.25,2.5,2.23,2.39,2.375
2019-05-23,,2.38,2.25,2.5,2.12,2.31,2.375
2019-05-24,,2.38,2.25,2.5,2.16,2.32,2.375
2019-05-25,,2.38,2.25,2.5,,,2.375
2019-05-26,,2.38,2.25,2.5,,,2.375
2019-05-27,,2.38,2.25,2.5,,,2.375
2019-05-28,,2.39,2.25,2.5,2.12,2.26,2.375
2019-05-29,,2.39,2.25,2.5,2.09,2.25,2.375
2019-05-30,,2.39,2.25,2.5,2.06,2.22,2.375
2019-05-31,,2.4,2.25,2.5,1.95,2.14,2.375
2019-06-01,2.38,2.4,2.25,2.5,,,2.375
2019-06-02,,2.4,2.25,2.5,,,2.375
2019-06-03,,2.38,2.25,2.5,1.82,2.07,2.375
2019-06-04,,2.38,2.25,2.5,1.88,2.12,2.375
2019-06-05,,2.38,2.25,2.5,1.83,2.12,2.375
2019-06-06,,2.37,2.25,2.5,1.88,2.12,2.375
2019-06-07,,2.37,2.25,2.5,1.85,2.09,2.375
2019-06-08,,2.37,2.25,2.5,,,2.375
2019-06-09,,2.37,2.25,2.5,,,2.375
2019-06-10,,2.37,2.25,2.5,1.9,2.15,2.375
2019-06-11,,2.37,2.25,2.5,1.93,2.15,2.375
2019-06-12,,2.37,2.25,2.5,1.88,2.13,2.375
2019-06-13,,2.37,2.25,2.5,1.83,2.1,2.375
2019-06-14,,2.36,2.25,2.5,1.84,2.09,2.375
2019-06-15,,2.36,2.25,2.5,,,2.375
2019-06-16,,2.36,2.25,2.5,,,2.375
2019-06-17,,2.38,2.25,2.5,1.86,2.09,2.375
2019-06-18,,2.37,2.25,2.5,1.86,2.06,2.375
2019-06-19,,2.37,2.25,2.5,1.74,2.03,2.375
2019-06-20,,2.37,2.25,2.5,1.72,2.01,2.375
2019-06-21,,2.38,2.25,2.5,1.77,2.07,2.375
2019-06-22,,2.38,2.25,2.5,,,2.375
2019-06-23,,2.38,2.25,2.5,,,2.375
2019-06-24,,2.38,2.25,2.5,1.72,2.02,2.375
2019-06-25,,2.38,2.25,2.5,1.71,2.0,2.375
2019-06-26,,2.38,2.25,2.5,1.77,2.05,2.375
2019-06-27,,2.38,2.25,2.5,1.74,2.01,2.375
2019-06-28,,2.4,2.25,2.5,1.75,2.0,2.375
2019-06-29,,2.4,2.25,2.5,,,2.375
2019-06-30,,2.4,2.25,2.5,,,2.375
2019-07-01,2.4,2.39,2.25,2.5,1.78,2.03,2.375
2019-07-02,,2.4,2.25,2.5,1.77,1.98,2.375
2019-07-03,,2.41,2.25,2.5,1.77,1.96,2.375
2019-07-04,,2.41,2.25,2.5,,,2.375
2019-07-05,,2.42,2.25,2.5,1.87,2.04,2.375
2019-07-06,,2.42,2.25,2.5,,,2.375
2019-07-07,,2.42,2.25,2.5,,,2.375
2019-07-08,,2.41,2.25,2.5,1.88,2.05,2.375
2019-07-09,,2.41,2.25,2.5,1.92,2.07,2.375
2019-07-10,,2.41,2.25,2.5,1.82,2.07,2.375
2019-07-11,,2.4,2.25,2.5,1.85,2.13,2.375
2019-07-12,,2.38,2.25,2.5,1.84,2.12,2.375
2019-07-13,,2.38,2.25,2.5,,,2.375
2019-07-14,,2.38,2.25,2.5,,,2.375
2019-07-15,,2.4,2.25,2.5,1.83,2.09,2.375
2019-07-16,,2.41,2.25,2.5,1.87,2.13,2.375
2019-07-17,,2.41,2.25,2.5,1.83,2.06,2.375
2019-07-18,,2.41,2.25,2.5,1.77,2.04,2.375
2019-07-19,,2.41,2.25,2.5,1.8,2.05,2.375
2019-07-20,,2.41,2.25,2.5,,,2.375
2019-07-21,,2.41,2.25,2.5,,,2.375
2019-07-22,,2.4,2.25,2.5,1.8,2.05,2.375
2019-07-23,,2.4,2.25,2.5,1.83,2.08,2.375
2019-07-24,,2.4,2.25,2.5,1.83,2.05,2.375
2019-07-25,,2.4,2.25,2.5,1.86,2.08,2.375
2019-07-26,,2.4,2.25,2.5,1.86,2.08,2.375
2019-07-27,,2.4,2.25,2.5,,,2.375
2019-07-28,,2.4,2.25,2.5,,,2.375
2019-07-29,,2.4,2.25,2.5,1.85,2.06,2.375
2019-07-30,,2.39,2.25,2.5,1.85,2.06,2.375
2019-07-31,,2.4,2.25,2.5,1.89,2.02,2.375
2019-08-01,2.13,2.14,2.0,2.25,1.73,1.9,2.125
2019-08-02,,2.14,2.0,2.25,1.72,1.86,2.125
2019-08-03,,2.14,2.0,2.25,,,2.125
2019-08-04,,2.14,2.0,2.25,,,2.125
2019-08-05,,2.13,2.0,2.25,1.59,1.75,2.125
2019-08-06,,2.13,2.0,2.25,1.6,1.73,2.125
2019-08-07,,2.12,2.0,2.25,1.59,1.71,2.125
2019-08-08,,2.12,2.0,2.25,1.62,1.72,2.125
2019-08-09,,2.12,2.0,2.25,1.63,1.74,2.125
2019-08-10,,2.12,2.0,2.25,,,2.125
2019-08-11,,2.12,2.0,2.25,,,2.125
2019-08-12,,2.12,2.0,2.25,1.58,1.65,2.125
2019-08-13,,2.12,2.0,2.25,1.66,1.68,2.125
2019-08-14,,2.12,2.0,2.25,1.58,1.59,2.125
2019-08-15,,2.13,2.0,2.25,1.48,1.52,2.125
2019-08-16,,2.13,2.0,2.25,1.48,1.55,2.125
2019-08-17,,2.13,2.0,2.25,,,2.125
2019-08-18,,2.13,2.0,2.25,,,2.125
2019-08-19,,2.13,2.0,2.25,1.53,1.6,2.125
2019-08-20,,2.13,2.0,2.25,1.5,1.55,2.125
2019-08-21,,2.12,2.0,2.25,1.56,1.59,2.125
2019-08-22,,2.12,2.0,2.25,1.61,1.62,2.125
2019-08-23,,2.12,2.0,2.25,1.51,1.52,2.125
2019-08-24,,2.12,2.0,2.25,,,2.125
2019-08-25,,2.12,2.0,2.25,,,2.125
2019-08-26,,2.12,2.0,2.25,1.54,1.54,2.125
2019-08-27,,2.12,2.0,2.25,1.53,1.49,2.125
2019-08-28,,2.12,2.0,2.25,1.5,1.47,2.125
2019-08-29,,2.12,2.0,2.25,1.53,1.5,2.125
2019-08-30,,2.13,2.0,2.25,1.5,1.5,2.125
2019-08-31,,2.13,2.0,2.25,,,2.125
2019-09-01,2.04,2.13,2.0,2.25,,,2.125
2019-09-02,,2.13,2.0,2.25,,,2.125
2019-09-03,,2.13,2.0,2.25,1.47,1.47,2.125
2019-09-04,,2.13,2.0,2.25,1.43,1.47,2.125
2019-09-05,,2.13,2.0,2.25,1.55,1.57,2.125
2019-09-06,,2.12,2.0,2.25,1.53,1.55,2.125
2019-09-07,,2.12,2.0,2.25,,,2.125
2019-09-08,,2.12,2.0,2.25,,,2.125
2019-09-09,,2.13,2.0,2.25,1.58,1.63,2.125
2019-09-10,,2.13,2.0,2.25,1.67,1.72,2.125
2019-09-11,,2.13,2.0,2.25,1.68,1.75,2.125
2019-09-12,,2.13,2.0,2.25,1.72,1.79,2.125
2019-09-13,,2.14,2.0,2.25,1.79,1.9,2.125
2019-09-14,,2.14,2.0,2.25,,,2.125
2019-09-15,,2.14,2.0,2.25,,,2.125
2019-09-16,,2.25,2.0,2.25,1.74,1.84,2.125
2019-09-17,,2.3,2.0,2.25,1.72,1.81,2.125
2019-09-18,,2.25,2.0,2.25,1.77,1.8,2.125
2019-09-19,,1.9,1.75,2.0,1.74,1.79,1.875
2019-09-20,,1.9,1.75,2.0,1.69,1.74,1.875
2019-09-21,,1.9,1.75,2.0,,,1.875
2019-09-22,,1.9,1.75,2.0,,,1.875
2019-09-23,,1.9,1.75,2.0,1.68,1.72,1.875
2019-09-24,,1.9,1.75,2.0,1.6,1.64,1.875
2019-09-25,,1.9,1.75,2.0,1.68,1.73,1.875
2019-09-26,,1.85,1.75,2.0,1.66,1.7,1.875
2019-09-27,,1.83,1.75,2.0,1.63,1.69,1.875
2019-09-28,,1.83,1.75,2.0,,,1.875
2019-09-29,,1.83,1.75,2.0,,,1.875
2019-09-30,,1.9,1.75,2.0,1.63,1.68,1.875
2019-10-01,1.83,1.88,1.75,2.0,1.56,1.65,1.875
2019-10-02,,1.85,1.75,2.0,1.48,1.6,1.875
2019-10-03,,1.83,1.75,2.0,1.39,1.54,1.875
2019-10-04,,1.82,1.75,2.0,1.4,1.52,1.875
2019-10-05,,1.82,1.75,2.0,,,1.875
2019-10-06,,1.82,1.75,2.0,,,1.875
2019-10-07,,1.82,1.75,2.0,1.46,1.56,1.875
2019-10-08,,1.82,1.75,2.0,1.42,1.54,1.875
2019-10-09,,1.82,1.75,2.0,1.47,1.59,1.875
2019-10-10,,1.82,1.75,2.0,1.53,1.67,1.875
2019-10-11,,1.82,1.75,2.0,1.63,1.76,1.875
2019-10-12,,1.82,1.75,2.0,,,1.875
2019-10-13,,1.82,1.75,2.0,,,1.875
2019-10-14,,1.82,1.75,2.0,,,1.875
2019-10-15,,1.9,1.75,2.0,1.61,1.77,1.875
2019-10-16,,1.9,1.75,2.0,1.58,1.75,1.875
2019-10-17,,1.85,1.75,2.0,1.6,1.76,1.875
2019-10-18,,1.85,1.75,2.0,1.58,1.76,1.875
2019-10-19,,1.85,1.75,2.0,,,1.875
2019-10-20,,1.85,1.75,2.0,,,1.875
2019-10-21,,1.85,1.75,2.0,1.62,1.8,1.875
2019-10-22,,1.85,1.75,2.0,1.6,1.78,1.875
2019-10-23,,1.85,1.75,2.0,1.58,1.77,1.875
2019-10-24,,1.85,1.75,2.0,1.58,1.77,1.875
2019-10-25,,1.83,1.75,2.0,1.63,1.8,1.875
2019-10-26,,1.83,1.75,2.0,,,1.875
2019-10-27,,1.83,1.75,2.0,,,1.875
2019-10-28,,1.83,1.75,2.0,1.64,1.85,1.875
2019-10-29,,1.82,1.75,2.0,1.64,1.84,1.875
2019-10-30,,1.82,1.75,2.0,1.61,1.78,1.875
2019-10-31,,1.58,1.5,1.75,1.52,1.69,1.625
2019-11-01,1.55,1.57,1.5,1.75,1.56,1.73,1.625
2019-11-02,,1.57,1.5,1.75,,,1.625
2019-11-03,,1.57,1.5,1.75,,,1.625
2019-11-04,,1.56,1.5,1.75,1.6,1.79,1.625
2019-11-05,,1.56,1.5,1.75,1.63,1.86,1.625
2019-11-06,,1.55,1.5,1.75,1.61,1.81,1.625
2019-11-07,,1.55,1.5,1.75,1.68,1.92,1.625
2019-11-08,,1.55,1.5,1.75,1.68,1.94,1.625
2019-11-09,,1.55,1.5,1.75,,,1.625
2019-11-10,,1.55,1.5,1.75,,,1.625
2019-11-11,,1.55,1.5,1.75,,,1.625
2019-11-12,,1.55,1.5,1.75,1.66,1.92,1.625
2019-11-13,,1.55,1.5,1.75,1.63,1.88,1.625
2019-11-14,,1.55,1.5,1.75,1.58,1.82,1.625
2019-11-15,,1.55,1.5,1.75,1.61,1.84,1.625
2019-11-16,,1.55,1.5,1.75,,,1.625
2019-11-17,,1.55,1.5,1.75,,,1.625
2019-11-18,,1.55,1.5,1.75,1.6,1.81,1.625
2019-11-19,,1.55,1.5,1.75,1.6,1.79,1.625
2019-11-20,,1.55,1.5,1.75,1.56,1.73,1.625
2019-11-21,,1.55,1.5,1.75,1.6,1.77,1.625
2019-11-22,,1.55,1.5,1.75,1.61,1.77,1.625
2019-11-23,,1.55,1.5,1.75,,,1.625
2019-11-24,,1.55,1.5,1.75,,,1.625
2019-11-25,,1.55,1.5,1.75,1.61,1.76,1.625
2019-11-26,,1.55,1.5,1.75,1.58,1.74,1.625
2019-11-27,,1.55,1.5,1.75,1.63,1.77,1.625
2019-11-28,,1.55,1.5,1.75,,,1.625
2019-11-29,,1.56,1.5,1.75,1.61,1.78,1.625
2019-11-30,,1.56,1.5,1.75,,,1.625
2019-12-01,1.55,1.56,1.5,1.75,,,1.625
2019-12-02,,1.56,1.5,1.75,1.61,1.83,1.625
2019-12-03,,1.55,1.5,1.75,1.53,1.72,1.625
2019-12-04,,1.55,1.5,1.75,1.58,1.77,1.625
2019-12-05,,1.55,1.5,1.75,1.58,1.8,1.625
2019-12-06,,1.55,1.5,1.75,1.61,1.84,1.625
2019-12-07,,1.55,1.5,1.75,,,1.625
2019-12-08,,1.55,1.5,1.75,,,1.625
2019-12-09,,1.55,1.5,1.75,1.63,1.83,1.625
2019-12-10,,1.55,1.5,1.75,1.65,1.85,1.625
2019-12-11,,1.55,1.5,1.75,1.61,1.79,1.625
2019-12-12,,1.55,1.5,1.75,1.66,1.9,1.625
2019-12-13,,1.55,1.5,1.75,1.61,1.82,1.625
2019-12-14,,1.55,1.5,1.75,,,1.625
2019-12-15,,1.55,1.5,1.75,,,1.625
2019-12-16,,1.56,1.5,1.75,1.65,1.89,1.625
2019-12-17,,1.55,1.5,1.75,1.63,1.89,1.625
2019-12-18,,1.55,1.5,1.75,1.63,1.92,1.625
2019-12-19,,1.55,1.5,1.75,1.62,1.92,1.625
2019-12-20,,1.55,1.5,1.75,1.63,1.92,1.625
2019-12-21,,1.55,1.5,1.75,,,1.625
2019-12-22,,1.55,1.5,1.75,,,1.625
2019-12-23,,1.55,1.5,1.75,1.64,1.93,1.625
2019-12-24,,1.55,1.5,1.75,1.62,1.9,1.625
2019-12-25,,1.55,1.5,1.75,,,1.625
2019-12-26,,1.55,1.5,1.75,1.64,1.9,1.625
2019-12-27,,1.55,1.5,1.75,1.59,1.88,1.625
2019-12-28,,1.55,1.5,1.75,,,1.625
2019-12-29,,1.55,1.5,1.75,,,1.625
2019-12-30,,1.55,1.5,1.75,1.58,1.9,1.625
2019-12-31,,1.55,1.5,1.75,1.58,1.92,1.625
2020-01-01,1.55,1.55,1.5,1.75,,,1.625
2020-01-02,,1.55,1.5,1.75,1.58,1.88,1.625
2020-01-03,,1.55,1.5,1.75,1.53,1.8,1.625
2020-01-04,,1.55,1.5,1.75,,,1.625
2020-01-05,,1.55,1.5,1.75,,,1.625
2020-01-06,,1.55,1.5,1.75,1.54,1.81,1.625
2020-01-07,,1.55,1.5,1.75,1.54,1.83,1.625
2020-01-08,,1.55,1.5,1.75,1.58,1.87,1.625
2020-01-09,,1.55,1.5,1.75,1.58,1.85,1.625
2020-01-10,,1.54,1.5,1.75,1.56,1.83,1.625
2020-01-11,,1.54,1.5,1.75,,,1.625
2020-01-12,,1.54,1.5,1.75,,,1.625
2020-01-13,,1.54,1.5,1.75,1.58,1.85,1.625
2020-01-14,,1.54,1.5,1.75,1.58,1.82,1.625
2020-01-15,,1.54,1.5,1.75,1.56,1.79,1.625
2020-01-16,,1.54,1.5,1.75,1.58,1.81,1.625
2020-01-17,,1.55,1.5,1.75,1.58,1.84,1.625
2020-01-18,,1.55,1.5,1.75,,,1.625
2020-01-19,,1.55,1.5,1.75,,,1.625
2020-01-20,,1.55,1.5,1.75,,,1.625
2020-01-21,,1.55,1.5,1.75,1.53,1.78,1.625
2020-01-22,,1.55,1.5,1.75,1.53,1.77,1.625
2020-01-23,,1.55,1.5,1.75,1.51,1.74,1.625
2020-01-24,,1.55,1.5,1.75,1.49,1.7,1.625
2020-01-25,,1.55,1.5,1.75,,,1.625
2020-01-26,,1.55,1.5,1.75,,,1.625
2020-01-27,,1.55,1.5,1.75,1.44,1.61,1.625
2020-01-28,,1.55,1.5,1.75,1.45,1.65,1.625
2020-01-29,,1.55,1.5,1.75,1.42,1.6,1.625
2020-01-30,,1.6,1.5,1.75,1.41,1.57,1.625
2020-01-31,,1.59,1.5,1.75,1.33,1.51,1.625
2020-02-01,1.58,1.59,1.5,1.75,,,1.625
2020-02-02,,1.59,1.5,1.75,,,1.625
2020-02-03,,1.59,1.5,1.75,1.36,1.54,1.625
2020-02-04,,1.59,1.5,1.75,1.41,1.61,1.625
2020-02-05,,1.59,1.5,1.75,1.44,1.66,1.625
2020-02-06,,1.59,1.5,1.75,1.44,1.65,1.625
2020-02-07,,1.58,1.5,1.75,1.41,1.59,1.625
2020-02-08,,1.58,1.5,1.75,,,1.625
2020-02-09,,1.58,1.5,1.75,,,1.625
2020-02-10,,1.58,1.5,1.75,1.37,1.56,1.625
2020-02-11,,1.58,1.5,1.75,1.41,1.59,1.625
2020-02-12,,1.58,1.5,1.75,1.44,1.62,1.625
2020-02-13,,1.58,1.5,1.75,1.44,1.61,1.625
2020-02-14,,1.58,1.5,1.75,1.42,1.59,1.625
2020-02-15,,1.58,1.5,1.75,,,1.625
2020-02-16,,1.58,1.5,1.75,,,1.625
2020-02-17,,1.58,1.5,1.75,,,1.625
2020-02-18,,1.59,1.5,1.75,1.41,1.55,1.625
2020-02-19,,1.59,1.5,1.75,1.42,1.56,1.625
2020-02-20,,1.59,1.5,1.75,1.39,1.52,1.625
2020-02-21,,1.58,1.5,1.75,1.34,1.46,1.625
2020-02-22,,1.58,1.5,1.75,,,1.625
2020-02-23,,1.58,1.5,1.75,,,1.625
2020-02-24,,1.58,1.5,1.75,1.26,1.38,1.625
2020-02-25,,1.58,1.5,1.75,1.2,1.33,1.625
2020-02-26,,1.58,1.5,1.75,1.16,1.33,1.625
2020-02-27,,1.58,1.5,1.75,1.11,1.3,1.625
2020-02-28,,1.58,1.5,1.75,0.86,1.13,1.625
2020-02-29,,1.58,1.5,1.75,,,1.625
2020-03-01,0.65,1.58,1.5,1.75,,,1.625
2020-03-02,,1.59,1.5,1.75,0.84,1.1,1.625
2020-03-03,,1.59,1.5,1.75,0.71,1.02,1.625
2020-03-04,,1.09,1.0,1.25,0.67,1.02,1.125
2020-03-05,,1.09,1.0,1.25,0.59,0.92,1.125
2020-03-06,,1.09,1.0,1.25,0.49,0.74,1.125
2020-03-07,,1.09,1.0,1.25,,,1.125
2020-03-08,,1.09,1.0,1.25,,,1.125
2020-03-09,,1.09,1.0,1.25,0.38,0.54,1.125
2020-03-10,,1.09,1.0,1.25,0.5,0.76,1.125
2020-03-11,,1.09,1.0,1.25,0.5,0.82,1.125
2020-03-12,,1.1,1.0,1.25,0.5,0.88,1.125
2020-03-13,,1.1,1.0,1.25,0.49,0.94,1.125
2020-03-14,,1.1,1.0,1.25,,,1.125
2020-03-15,,1.1,1.0,1.25,,,1.125
2020-03-16,,0.25,0.0,0.25,0.36,0.73,0.125
2020-03-17,,0.25,0.0,0.25,0.47,1.02,0.125
2020-03-18,,0.25,0.0,0.25,0.54,1.18,0.125
2020-03-19,,0.2,0.0,0.25,0.44,1.12,0.125
2020-03-20,,0.15,0.0,0.25,0.37,0.92,0.125
2020-03-21,,0.15,0.0,0.25,,,0.125
2020-03-22,,0.15,0.0,0.25,,,0.125
2020-03-23,,0.15,0.0,0.25,0.28,0.76,0.125
2020-03-24,,0.12,0.0,0.25,0.38,0.84,0.125
2020-03-25,,0.1,0.0,0.25,0.34,0.88,0.125
2020-03-26,,0.1,0.0,0.25,0.3,0.83,0.125
2020-03-27,,0.1,0.0,0.25,0.25,0.72,0.125
2020-03-28,,0.1,0.0,0.25,,,0.125
2020-03-29,,0.1,0.0,0.25,,,0.125
2020-03-30,,0.09,0.0,0.25,0.23,0.7,0.125
2020-03-31,,0.08,0.0,0.25,0.23,0.7,0.125
2020-04-01,0.05,0.06,0.0,0.25,0.23,0.62,0.125
2020-04-02,,0.05,0.0,0.25,0.23,0.63,0.125
2020-04-03,,0.05,0.0,0.25,0.23,0.62,0.125
2020-04-04,,0.05,0.0,0.25,,,0.125
2020-04-05,,0.05,0.0,0.25,,,0.125
2020-04-06,,0.05,0.0,0.25,0.27,0.67,0.125
2020-04-07,,0.05,0.0,0.25,0.28,0.75,0.125
2020-04-08,,0.05,0.0,0.25,0.27,0.77,0.125
2020-04-09,,0.05,0.0,0.25,0.23,0.73,0.125
2020-04-10,,0.05,0.0,0.25,,,0.125
2020-04-11,,0.05,0.0,0.25,,,0.125
2020-04-12,,0.05,0.0,0.25,,,0.125
2020-04-13,,0.05,0.0,0.25,0.25,0.76,0.125
2020-04-14,,0.05,0.0,0.25,0.23,0.76,0.125
2020-04-15,,0.05,0.0,0.25,0.2,0.63,0.125
2020-04-16,,0.05,0.0,0.25,0.2,0.61,0.125
2020-04-17,,0.05,0.0,0.25,0.2,0.65,0.125
2020-04-18,,0.05,0.0,0.25,,,0.125
2020-04-19,,0.05,0.0,0.25,,,0.125
2020-04-20,,0.05,0.0,0.25,0.2,0.63,0.125
2020-04-21,,0.05,0.0,0.25,0.2,0.58,0.125
2020-04-22,,0.05,0.0,0.25,0.22,0.63,0.125
2020-04-23,,0.04,0.0,0.25,0.22,0.61,0.125
2020-04-24,,0.05,0.0,0.25,0.22,0.6,0.125
2020-04-25,,0.05,0.0,0.25,,,0.125
2020-04-26,,0.05,0.0,0.25,,,0.125
2020-04-27,,0.04,0.0,0.25,0.24,0.67,0.125
2020-04-28,,0.04,0.0,0.25,0.2,0.62,0.125
2020-04-29,,0.04,0.0,0.25,0.2,0.63,0.125
2020-04-30,,0.05,0.0,0.25,0.2,0.64,0.125
2020-05-01,0.05,0.05,0.0,0.25,0.2,0.64,0.125
2020-05-02,,0.05,0.0,0.25,,,0.125
2020-05-03,,0.05,0.0,0.25,,,0.125
2020-05-04,,0.05,0.0,0.25,0.19,0.64,0.125
2020-05-05,,0.05,0.0,0.25,0.19,0.66,0.125
2020-05-06,,0.05,0.0,0.25,0.17,0.72,0.125
2020-05-07,,0.05,0.0,0.25,0.13,0.63,0.125
2020-05-08,,0.05,0.0,0.25,0.16,0.69,0.125
2020-05-09,,0.05,0.0,0.25,,,0.125
2020-05-10,,0.05,0.0,0.25,,,0.125
2020-05-11,,0.05,0.0,0.25,0.17,0.73,0.125
2020-05-12,,0.05,0.0,0.25,0.17,0.69,0.125
2020-05-13,,0.05,0.0,0.25,0.16,0.64,0.125
2020-05-14,,0.05,0.0,0.25,0.16,0.63,0.125
2020-05-15,,0.05,0.0,0.25,0.16,0.64,0.125
2020-05-16,,0.05,0.0,0.25,,,0.125
2020-05-17,,0.05,0.0,0.25,,,0.125
2020-05-18,,0.05,0.0,0.25,0.18,0.73,0.125
2020-05-19,,0.05,0.0,0.25,0.17,0.7,0.125
2020-05-20,,0.05,0.0,0.25,0.16,0.68,0.125
2020-05-21,,0.05,0.0,0.25,0.17,0.68,0.125
2020-05-22,,0.05,0.0,0.25,0.17,0.66,0.125
2020-05-23,,0.05,0.0,0.25,,,0.125
2020-05-24,,0.05,0.0,0.25,,,0.125
2020-05-25,,0.05,0.0,0.25,,,0.125
2020-05-26,,0.05,0.0,0.25,0.18,0.69,0.125
2020-05-27,,0.05,0.0,0.25,0.19,0.68,0.125
2020-05-28,,0.05,0.0,0.25,0.17,0.7,0.125
2020-05-29,,0.05,0.0,0.25,0.16,0.65,0.125
2020-05-30,,0.05,0.0,0.25,,,0.125
2020-05-31,,0.05,0.0,0.25,,,0.125
2020-06-01,0.08,0.05,0.0,0.25,0.14,0.66,0.125
2020-06-02,,0.06,0.0,0.25,0.17,0.68,0.125
2020-06-03,,0.06,0.0,0.25,0.19,0.77,0.125
2020-06-04,,0.06,0.0,0.25,0.19,0.82,0.125
2020-06-05,,0.07,0.0,0.25,0.22,0.91,0.125
2020-06-06,,0.07,0.0,0.25,,,0.125
2020-06-07,,0.07,0.0,0.25,,,0.125
2020-06-08,,0.07,0.0,0.25,0.22,0.88,0.125
2020-06-09,,0.07,0.0,0.25,0.2,0.84,0.125
2020-06-10,,0.08,0.0,0.25,0.17,0.75,0.125
2020-06-11,,0.08,0.0,0.25,0.19,0.66,0.125
2020-06-12,,0.08,0.0,0.25,0.19,0.71,0.125
2020-06-13,,0.08,0.0,0.25,,,0.125
2020-06-14,,0.08,0.0,0.25,,,0.125
2020-06-15,,0.09,0.0,0.25,0.19,0.71,0.125
2020-06-16,,0.09,0.0,0.25,0.21,0.75,0.125
2020-06-17,,0.09,0.0,0.25,0.19,0.74,0.125
2020-06-18,,0.09,0.0,0.25,0.19,0.71,0.125
2020-06-19,,0.09,0.0,0.25,0.19,0.7,0.125
2020-06-20,,0.09,0.0,0.25,,,0.125
2020-06-21,,0.09,0.0,0.25,,,0.125
2020-06-22,,0.08,0.0,0.25,0.19,0.71,0.125
2020-06-23,,0.08,0.0,0.25,0.18,0.72,0.125
2020-06-24,,0.08,0.0,0.25,0.19,0.69,0.125
2020-06-25,,0.08,0.0,0.25,0.17,0.68,0.125
2020-06-26,,0.08,0.0,0.25,0.17,0.64,0.125
2020-06-27,,0.08,0.0,0.25,,,0.125
2020-06-28,,0.08,0.0,0.25,,,0.125
2020-06-29,,0.08,0.0,0.25,0.16,0.64,0.125
2020-06-30,,0.08,0.0,0.25,0.16,0.66,0.125
2020-07-01,0.09,0.08,0.0,0.25,0.17,0.69,0.125
2020-07-02,,0.09,0.0,0.25,0.16,0.68,0.125
2020-07-03,,0.09,0.0,0.25,,,0.125
2020-07-04,,0.09,0.0,0.25,,,0.125
2020-07-05,,0.09,0.0,0.25,,,0.125
2020-07-06,,0.09,0.0,0.25,0.16,0.69,0.125
2020-07-07,,0.09,0.0,0.25,0.16,0.65,0.125
2020-07-08,,0.09,0.0,0.25,0.16,0.67,0.125
2020-07-09,,0.09,0.0,0.25,0.16,0.62,0.125
2020-07-10,,0.09,0.0,0.25,0.16,0.65,0.125
2020-07-11,,0.09,0.0,0.25,,,0.125
2020-07-12,,0.09,0.0,0.25,,,0.125
2020-07-13,,0.09,0.0,0.25,0.16,0.64,0.125
2020-07-14,,0.09,0.0,0.25,0.14,0.63,0.125
2020-07-15,,0.1,0.0,0.25,0.16,0.64,0.125
2020-07-16,,0.1,0.0,0.25,0.16,0.62,0.125
2020-07-17,,0.09,0.0,0.25,0.14,0.64,0.125
2020-07-18,,0.09,0.0,0.25,,,0.125
2020-07-19,,0.09,0.0,0.25,,,0.125
2020-07-20,,0.1,0.0,0.25,0.16,0.62,0.125
2020-07-21,,0.1,0.0,0.25,0.14,0.61,0.125
2020-07-22,,0.09,0.0,0.25,0.14,0.6,0.125
2020-07-23,,0.09,0.0,0.25,0.16,0.59,0.125
2020-07-24,,0.09,0.0,0.25,0.14,0.59,0.125
2020-07-25,,0.09,0.0,0.25,,,0.125
2020-07-26,,0.09,0.0,0.25,,,0.125
2020-07-27,,0.1,0.0,0.25,0.15,0.62,0.125
2020-07-28,,0.1,0.0,0.25,0.14,0.59,0.125
2020-07-29,,0.1,0.0,0.25,0.12,0.58,0.125
2020-07-30,,0.1,0.0,0.25,0.11,0.55,0.125
2020-07-31,,0.1,0.0,0.25,0.11,0.55,0.125
2020-08-01,0.1,0.1,0.0,0.25,,,0.125
2020-08-02,,0.1,0.0,0.25,,,0.125
2020-08-03,,0.1,0.0,0.25,0.11,0.56,0.125
2020-08-04,,0.1,0.0,0.25,0.11,0.52,0.125
2020-08-05,,0.1,0.0,0.25,0.11,0.55,0.125
2020-08-06,,0.1,0.0,0.25,0.11,0.55,0.125
2020-08-07,,0.1,0.0,0.25,0.13,0.57,0.125
2020-08-08,,0.1,0.0,0.25,,,0.125
2020-08-09,,0.1,0.0,0.25,,,0.125
2020-08-10,,0.1,0.0,0.25,0.14,0.59,0.125
2020-08-11,,0.1,0.0,0.25,0.16,0.64,0.125
2020-08-12,,0.1,0.0,0.25,0.16,0.69,0.125
2020-08-13,,0.1,0.0,0.25,0.16,0.71,0.125
2020-08-14,,0.1,0.0,0.25,0.14,0.71,0.125
2020-08-15,,0.1,0.0,0.25,,,0.125
2020-08-16,,0.1,0.0,0.25,,,0.125
2020-08-17,,0.1,0.0,0.25,0.14,0.69,0.125
2020-08-18,,0.09,0.0,0.25,0.14,0.67,0.125
2020-08-19,,0.09,0.0,0.25,0.14,0.68,0.125
2020-08-20,,0.09,0.0,0.25,0.13,0.65,0.125
2020-08-21,,0.09,0.0,0.25,0.16,0.64,0.125
2020-08-22,,0.09,0.0,0.25,,,0.125
2020-08-23,,0.09,0.0,0.25,,,0.125
2020-08-24,,0.09,0.0,0.25,0.14,0.65,0.125
2020-08-25,,0.09,0.0,0.25,0.15,0.69,0.125
2020-08-26,,0.09,0.0,0.25,0.16,0.69,0.125
2020-08-27,,0.08,0.0,0.25,0.16,0.74,0.125
2020-08-28,,0.09,0.0,0.25,0.14,0.74,0.125
2020-08-29,,0.09,0.0,0.25,,,0.125
2020-08-30,,0.09,0.0,0.25,,,0.125
2020-08-31,,0.09,0.0,0.25,0.14,0.72,0.125
2020-09-01,0.09,0.09,0.0,0.25,0.13,0.68,0.125
2020-09-02,,0.09,0.0,0.25,0.14,0.66,0.125
2020-09-03,,0.09,0.0,0.25,0.13,0.63,0.125
2020-09-04,,0.09,0.0,0.25,0.14,0.72,0.125
2020-09-05,,0.09,0.0,0.25,,,0.125
2020-09-06,,0.09,0.0,0.25,,,0.125
2020-09-07,,0.09,0.0,0.25,,,0.125
2020-09-08,,0.09,0.0,0.25,0.14,0.69,0.125
2020-09-09,,0.09,0.0,0.25,0.14,0.71,0.125
2020-09-10,,0.09,0.0,0.25,0.14,0.68,0.125
2020-09-11,,0.09,0.0,0.25,0.13,0.67,0.125
2020-09-12,,0.09,0.0,0.25,,,0.125
2020-09-13,,0.09,0.0,0.25,,,0.125
2020-09-14,,0.09,0.0,0.25,0.14,0.68,0.125
2020-09-15,,0.09,0.0,0.25,0.14,0.68,0.125
2020-09-16,,0.09,0.0,0.25,0.14,0.69,0.125
2020-09-17,,0.09,0.0,0.25,0.13,0.69,0.125
2020-09-18,,0.09,0.0,0.25,0.14,0.7,0.125
2020-09-19,,0.09,0.0,0.25,,,0.125
2020-09-20,,0.09,0.0,0.25,,,0.125
2020-09-21,,0.09,0.0,0.25,0.14,0.68,0.125
2020-09-22,,0.09,0.0,0.25,0.13,0.68,0.125
2020-09-23,,0.09,0.0,0.25,0.14,0.68,0.125
2020-09-24,,0.09,0.0,0.25,0.14,0.67,0.125
2020-09-25,,0.09,0.0,0.25,0.12,0.66,0.125
2020-09-26,,0.09,0.0,0.25,,,0.125
2020-09-27,,0.09,0.0,0.25,,,0.125
2020-09-28,,0.09,0.0,0.25,0.14,0.67,0.125
2020-09-29,,0.09,0.0,0.25,0.11,0.66,0.125
2020-09-30,,0.09,0.0,0.25,0.13,0.69,0.125
2020-10-01,0.09,0.09,0.0,0.25,0.14,0.68,0.125
2020-10-02,,0.09,0.0,0.25,0.13,0.7,0.125
2020-10-03,,0.09,0.0,0.25,,,0.125
2020-10-04,,0.09,0.0,0.25,,,0.125
2020-10-05,,0.09,0.0,0.25,0.14,0.78,0.125
2020-10-06,,0.09,0.0,0.25,0.14,0.76,0.125
2020-10-07,,0.09,0.0,0.25,0.16,0.81,0.125
2020-10-08,,0.09,0.0,0.25,0.13,0.78,0.125
2020-10-09,,0.09,0.0,0.25,0.16,0.79,0.125
2020-10-10,,0.09,0.0,0.25,,,0.125
2020-10-11,,0.09,0.0,0.25,,,0.125
2020-10-12,,0.09,0.0,0.25,,,0.125
2020-10-13,,0.09,0.0,0.25,0.16,0.74,0.125
2020-10-14,,0.09,0.0,0.25,0.14,0.73,0.125
2020-10-15,,0.09,0.0,0.25,0.14,0.74,0.125
2020-10-16,,0.09,0.0,0.25,0.14,0.76,0.125
2020-10-17,,0.09,0.0,0.25,,,0.125
2020-10-18,,0.09,0.0,0.25,,,0.125
2020-10-19,,0.09,0.0,0.25,0.16,0.78,0.125
2020-10-20,,0.09,0.0,0.25,0.14,0.81,0.125
2020-10-21,,0.09,0.0,0.25,0.14,0.83,0.125
2020-10-22,,0.09,0.0,0.25,0.16,0.87,0.125
2020-10-23,,0.09,0.0,0.25,0.18,0.85,0.125
2020-10-24,,0.09,0.0,0.25,,,0.125
2020-10-25,,0.09,0.0,0.25,,,0.125
2020-10-26,,0.09,0.0,0.25,0.16,0.81,0.125
2020-10-27,,0.09,0.0,0.25,0.16,0.79,0.125
2020-10-28,,0.09,0.0,0.25,0.16,0.79,0.125
2020-10-29,,0.09,0.0,0.25,0.16,0.85,0.125
2020-10-30,,0.09,0.0,0.25,0.14,0.88,0.125
2020-10-31,,0.09,0.0,0.25,,,0.125
2020-11-01,0.09,0.09,0.0,0.25,,,0.125
2020-11-02,,0.09,0.0,0.25,0.16,0.87,0.125
2020-11-03,,0.09,0.0,0.25,0.17,0.9,0.125
2020-11-04,,0.09,0.0,0.25,0.14,0.78,0.125
2020-11-05,,0.09,0.0,0.25,0.14,0.79,0.125
2020-11-06,,0.09,0.0,0.25,0.16,0.83,0.125
2020-11-07,,0.09,0.0,0.25,,,0.125
2020-11-08,,0.09,0.0,0.25,,,0.125
2020-11-09,,0.09,0.0,0.25,0.17,0.96,0.125
2020-11-10,,0.09,0.0,0.25,0.19,0.98,0.125
2020-11-11,,0.09,0.0,0.25,,,0.125
2020-11-12,,0.09,0.0,0.25,0.17,0.88,0.125
2020-11-13,,0.09,0.0,0.25,0.17,0.89,0.125
2020-11-14,,0.09,0.0,0.25,,,0.125
2020-11-15,,0.09,0.0,0.25,,,0.125
2020-11-16,,0.09,0.0,0.25,0.19,0.91,0.125
2020-11-17,,0.09,0.0,0.25,0.18,0.87,0.125
2020-11-18,,0.09,0.0,0.25,0.16,0.88,0.125
2020-11-19,,0.08,0.0,0.25,0.18,0.86,0.125
2020-11-20,,0.08,0.0,0.25,0.16,0.83,0.125
2020-11-21,,0.08,0.0,0.25,,,0.125
2020-11-22,,0.08,0.0,0.25,,,0.125
2020-11-23,,0.08,0.0,0.25,0.16,0.86,0.125
2020-11-24,,0.08,0.0,0.25,0.16,0.88,0.125
2020-11-25,,0.08,0.0,0.25,0.17,0.88,0.125
2020-11-26,,0.08,0.0,0.25,,,0.125
2020-11-27,,0.08,0.0,0.25,0.16,0.84,0.125
2020-11-28,,0.08,0.0,0.25,,,0.125
2020-11-29,,0.08,0.0,0.25,,,0.125
2020-11-30,,0.09,0.0,0.25,0.16,0.84,0.125
2020-12-01,0.09,0.09,0.0,0.25,0.17,0.92,0.125
2020-12-02,,0.09,0.0,0.25,0.16,0.95,0.125
2020-12-03,,0.09,0.0,0.25,0.16,0.92,0.125
2020-12-04,,0.09,0.0,0.25,0.16,0.97,0.125
2020-12-05,,0.09,0.0,0.25,,,0.125
2020-12-06,,0.09,0.0,0.25,,,0.125
2020-12-07,,0.09,0.0,0.25,0.14,0.94,0.125
2020-12-08,,0.09,0.0,0.25,0.14,0.92,0.125
2020-12-09,,0.09,0.0,0.25,0.16,0.95,0.125
2020-12-10,,0.09,0.0,0.25,0.14,0.92,0.125
2020-12-11,,0.09,0.0,0.25,0.11,0.9,0.125
2020-12-12,,0.09,0.0,0.25,,,0.125
2020-12-13,,0.09,0.0,0.25,,,0.125
2020-12-14,,0.09,0.0,0.25,0.13,0.9,0.125
2020-12-15,,0.09,0.0,0.25,0.11,0.92,0.125
2020-12-16,,0.09,0.0,0.25,0.13,0.92,0.125
2020-12-17,,0.09,0.0,0.25,0.13,0.94,0.125
2020-12-18,,0.09,0.0,0.25,0.13,0.95,0.125
2020-12-19,,0.09,0.0,0.25,,,0.125
2020-12-20,,0.09,0.0,0.25,,,0.125
2020-12-21,,0.09,0.0,0.25,0.13,0.95,0.125
2020-12-22,,0.09,0.0,0.25,0.13,0.93,0.125
2020-12-23,,0.09,0.0,0.25,0.13,0.96,0.125
2020-12-24,,0.09,0.0,0.25,0.13,0.94,0.125
2020-12-25,,0.09,0.0,0.25,,,0.125
2020-12-26,,0.09,0.0,0.25,,,0.125
2020-12-27,,0.09,0.0,0.25,,,0.125
2020-12-28,,0.09,0.0,0.25,0.13,0.94,0.125
2020-12-29,,0.09,0.0,0.25,0.12,0.94,0.125
2020-12-30,,0.09,0.0,0.25,0.12,0.93,0.125
2020-12-31,,0.09,0.0,0.25,0.13,0.93,0.125
2021-01-01,0.09,0.09,0.0,0.25,,,0.125
2021-01-02,,0.09,0.0,0.25,,,0.125
2021-01-03,,0.09,0.0,0.25,,,0.125
2021-01-04,,0.09,0.0,0.25,0.11,0.93,0.125
2021-01-05,,0.09,0.0,0.25,0.13,0.96,0.125
2021-01-06,,0.09,0.0,0.25,0.14,1.04,0.125
2021-01-07,,0.09,0.0,0.25,0.14,1.08,0.125
2021-01-08,,0.09,0.0,0.25,0.14,1.13,0.125
2021-01-09,,0.09,0.0,0.25,,,0.125
2021-01-10,,0.09,0.0,0.25,,,0.125
2021-01-11,,0.09,0.0,0.25,0.14,1.15,0.125
2021-01-12,,0.09,0.0,0.25,0.14,1.15,0.125
2021-01-13,,0.09,0.0,0.25,0.14,1.1,0.125
2021-01-14,,0.09,0.0,0.25,0.16,1.15,0.125
2021-01-15,,0.09,0.0,0.25,0.13,1.11,0.125
2021-01-16,,0.09,0.0,0.25,,,0.125
2021-01-17,,0.09,0.0,0.25,,,0.125
2021-01-18,,0.09,0.0,0.25,,,0.125
2021-01-19,,0.09,0.0,0.25,0.14,1.1,0.125
2021-01-20,,0.09,0.0,0.25,0.13,1.1,0.125
2021-01-21,,0.08,0.0,0.25,0.13,1.12,0.125
2021-01-22,,0.08,0.0,0.25,0.13,1.1,0.125
2021-01-23,,0.08,0.0,0.25,,,0.125
2021-01-24,,0.08,0.0,0.25,,,0.125
2021-01-25,,0.08,0.0,0.25,0.13,1.05,0.125
2021-01-26,,0.08,0.0,0.25,0.11,1.05,0.125
2021-01-27,,0.08,0.0,0.25,0.12,1.04,0.125
2021-01-28,,0.07,0.0,0.25,0.12,1.07,0.125
2021-01-29,,0.07,0.0,0.25,0.11,1.11,0.125
2021-01-30,,0.07,0.0,0.25,,,0.125
2021-01-31,,0.07,0.0,0.25,,,0.125
2021-02-01,0.08,0.08,0.0,0.25,0.11,1.09,0.125
2021-02-02,,0.08,0.0,0.25,0.11,1.12,0.125
2021-02-03,,0.08,0.0,0.25,0.11,1.15,0.125
2021-02-04,,0.08,0.0,0.25,0.11,1.15,0.125
2021-02-05,,0.08,0.0,0.25,0.09,1.19,0.125
2021-02-06,,0.08,0.0,0.25,,,0.125
2021-02-07,,0.08,0.0,0.25,,,0.125
2021-02-08,,0.07,0.0,0.25,0.11,1.19,0.125
2021-02-09,,0.08,0.0,0.25,0.11,1.18,0.125
2021-02-10,,0.08,0.0,0.25,0.11,1.15,0.125
2021-02-11,,0.08,0.0,0.25,0.11,1.16,0.125
2021-02-12,,0.08,0.0,0.25,0.11,1.2,0.125
2021-02-13,,0.08,0.0,0.25,,,0.125
2021-02-14,,0.08,0.0,0.25,,,0.125
2021-02-15,,0.08,0.0,0.25,,,0.125
2021-02-16,,0.08,0.0,0.25,0.13,1.3,0.125
2021-02-17,,0.08,0.0,0.25,0.11,1.29,0.125
2021-02-18,,0.07,0.0,0.25,0.11,1.29,0.125
2021-02-19,,0.07,0.0,0.25,0.11,1.34,0.125
2021-02-20,,0.07,0.0,0.25,,,0.125
2021-02-21,,0.07,0.0,0.25,,,0.125
2021-02-22,,0.07,0.0,0.25,0.11,1.37,0.125
2021-02-23,,0.07,0.0,0.25,0.11,1.37,0.125
2021-02-24,,0.07,0.0,0.25,0.12,1.38,0.125
2021-02-25,,0.07,0.0,0.25,0.17,1.54,0.125
2021-02-26,,0.07,0.0,0.25,0.14,1.44,0.125
2021-02-27,,0.07,0.0,0.25,,,0.125
2021-02-28,,0.07,0.0,0.25,,,0.125
2021-03-01,0.07,0.07,0.0,0.25,0.13,1.45,0.125
2021-03-02,,0.07,0.0,0.25,0.13,1.42,0.125
2021-03-03,,0.07,0.0,0.25,0.14,1.47,0.125
2021-03-04,,0.07,0.0,0.25,0.14,1.54,0.125
2021-03-05,,0.07,0.0,0.25,0.14,1.56,0.125
2021-03-06,,0.07,0.0,0.25,,,0.125
2021-03-07,,0.07,0.0,0.25,,,0.125
2021-03-08,,0.07,0.0,0.25,0.17,1.59,0.125
2021-03-09,,0.07,0.0,0.25,0.17,1.55,0.125
2021-03-10,,0.07,0.0,0.25,0.16,1.53,0.125
2021-03-11,,0.07,0.0,0.25,0.14,1.54,0.125
2021-03-12,,0.07,0.0,0.25,0.14,1.64,0.125
2021-03-13,,0.07,0.0,0.25,,,0.125
2021-03-14,,0.07,0.0,0.25,,,0.125
2021-03-15,,0.07,0.0,0.25,0.14,1.62,0.125
2021-03-16,,0.07,0.0,0.25,0.15,1.62,0.125
2021-03-17,,0.07,0.0,0.25,0.13,1.63,0.125
2021-03-18,,0.07,0.0,0.25,0.16,1.71,0.125
2021-03-19,,0.07,0.0,0.25,0.16,1.74,0.125
2021-03-20,,0.07,0.0,0.25,,,0.125
2021-03-21,,0.07,0.0,0.25,,,0.125
2021-03-22,,0.07,0.0,0.25,0.15,1.69,0.125
2021-03-23,,0.07,0.0,0.25,0.15,1.63,0.125
2021-03-24,,0.07,0.0,0.25,0.14,1.62,0.125
2021-03-25,,0.07,0.0,0.25,0.14,1.63,0.125
2021-03-26,,0.07,0.0,0.25,0.14,1.67,0.125
2021-03-27,,0.07,0.0,0.25,,,0.125
2021-03-28,,0.07,0.0,0.25,,,0.125
2021-03-29,,0.07,0.0,0.25,0.14,1.73,0.125
2021-03-30,,0.07,0.0,0.25,0.16,1.73,0.125
2021-03-31,,0.06,0.0,0.25,0.16,1.74,0.125
2021-04-01,0.07,0.07,0.0,0.25,0.17,1.69,0.125
2021-04-02,,0.07,0.0,0.25,0.19,1.72,0.125
2021-04-03,,0.07,0.0,0.25,,,0.125
2021-04-04,,0.07,0.0,0.25,,,0.125
2021-04-05,,0.07,0.0,0.25,0.17,1.73,0.125
2021-04-06,,0.07,0.0,0.25,0.16,1.67,0.125
2021-04-07,,0.07,0.0,0.25,0.16,1.68,0.125
2021-04-08,,0.07,0.0,0.25,0.14,1.64,0.125
2021-04-09,,0.07,0.0,0.25,0.16,1.67,0.125
2021-04-10,,0.07,0.0,0.25,,,0.125
2021-04-11,,0.07,0.0,0.25,,,0.125
2021-04-12,,0.07,0.0,0.25,0.18,1.69,0.125
2021-04-13,,0.07,0.0,0.25,0.16,1.64,0.125
2021-04-14,,0.07,0.0,0.25,0.16,1.64,0.125
2021-04-15,,0.07,0.0,0.25,0.16,1.56,0.125
2021-04-16,,0.07,0.0,0.25,0.16,1.59,0.125
2021-04-17,,0.07,0.0,0.25,,,0.125
2021-04-18,,0.07,0.0,0.25,,,0.125
2021-04-19,,0.07,0.0,0.25,0.16,1.61,0.125
2021-04-20,,0.07,0.0,0.25,0.15,1.58,0.125
2021-04-21,,0.07,0.0,0.25,0.15,1.57,0.125
2021-04-22,,0.07,0.0,0.25,0.16,1.57,0.125
2021-04-23,,0.07,0.0,0.25,0.16,1.58,0.125
2021-04-24,,0.07,0.0,0.25,,,0.125
2021-04-25,,0.07,0.0,0.25,,,0.125
2021-04-26,,0.07,0.0,0.25,0.18,1.58,0.125
2021-04-27,,0.07,0.0,0.25,0.17,1.63,0.125
2021-04-28,,0.07,0.0,0.25,0.17,1.63,0.125
2021-04-29,,0.06,0.0,0.25,0.16,1.65,0.125
2021-04-30,,0.05,0.0,0.25,0.16,1.65,0.125
2021-05-01,0.06,0.05,0.0,0.25,,,0.125
2021-05-02,,0.05,0.0,0.25,,,0.125
2021-05-03,,0.06,0.0,0.25,0.16,1.63,0.125
2021-05-04,,0.06,0.0,0.25,0.16,1.61,0.125
2021-05-05,,0.06,0.0,0.25,0.16,1.59,0.125
2021-05-06,,0.06,0.0,0.25,0.16,1.58,0.125
2021-05-07,,0.06,0.0,0.25,0.14,1.6,0.125
2021-05-08,,0.06,0.0,0.25,,,0.125
2021-05-09,,0.06,0.0,0.25,,,0.125
2021-05-10,,0.06,0.0,0.25,0.16,1.63,0.125
2021-05-11,,0.06,0.0,0.25,0.16,1.64,0.125
2021-05-12,,0.06,0.0,0.25,0.16,1.69,0.125
2021-05-13,,0.06,0.0,0.25,0.16,1.66,0.125
2021-05-14,,0.06,0.0,0.25,0.16,1.63,0.125
2021-05-15,,0.06,0.0,0.25,,,0.125
2021-05-16,,0.06,0.0,0.25,,,0.125
2021-05-17,,0.06,0.0,0.25,0.16,1.64,0.125
2021-05-18,,0.06,0.0,0.25,0.16,1.64,0.125
2021-05-19,,0.06,0.0,0.25,0.16,1.68,0.125
2021-05-20,,0.06,0.0,0.25,0.15,1.63,0.125
2021-05-21,,0.06,0.0,0.25,0.17,1.63,0.125
2021-05-22,,0.06,0.0,0.25,,,0.125
2021-05-23,,0.06,0.0,0.25,,,0.125
2021-05-24,,0.06,0.0,0.25,0.15,1.61,0.125
2021-05-25,,0.06,0.0,0.25,0.15,1.56,0.125
2021-05-26,,0.06,0.0,0.25,0.14,1.58,0.125
2021-05-27,,0.06,0.0,0.25,0.14,1.61,0.125
2021-05-28,,0.05,0.0,0.25,0.14,1.58,0.125
2021-05-29,,0.05,0.0,0.25,,,0.125
2021-05-30,,0.05,0.0,0.25,,,0.125
2021-05-31,,0.05,0.0,0.25,,,0.125
2021-06-01,0.08,0.06,0.0,0.25,0.16,1.62,0.125
2021-06-02,,0.06,0.0,0.25,0.13,1.59,0.125
2021-06-03,,0.06,0.0,0.25,0.16,1.63,0.125
2021-06-04,,0.06,0.0,0.25,0.14,1.56,0.125
2021-06-05,,0.06,0.0,0.25,,,0.125
2021-06-06,,0.06,0.0,0.25,,,0.125
2021-06-07,,0.06,0.0,0.25,0.16,1.57,0.125
2021-06-08,,0.06,0.0,0.25,0.14,1.53,0.125
2021-06-09,,0.06,0.0,0.25,0.16,1.5,0.125
2021-06-10,,0.06,0.0,0.25,0.14,1.45,0.125
2021-06-11,,0.06,0.0,0.25,0.16,1.47,0.125
2021-06-12,,0.06,0.0,0.25,,,0.125
2021-06-13,,0.06,0.0,0.25,,,0.125
2021-06-14,,0.06,0.0,0.25,0.16,1.51,0.125
2021-06-15,,0.06,0.0,0.25,0.16,1.51,0.125
2021-06-16,,0.06,0.0,0.25,0.21,1.57,0.125
2021-06-17,,0.1,0.0,0.25,0.23,1.52,0.125
2021-06-18,,0.1,0.0,0.25,0.26,1.45,0.125
2021-06-19,,0.1,0.0,0.25,,,0.125
2021-06-20,,0.1,0.0,0.25,,,0.125
2021-06-21,,0.1,0.0,0.25,0.27,1.5,0.125
2021-06-22,,0.1,0.0,0.25,0.25,1.48,0.125
2021-06-23,,0.1,0.0,0.25,0.26,1.5,0.125
2021-06-24,,0.1,0.0,0.25,0.26,1.49,0.125
2021-06-25,,0.1,0.0,0.25,0.28,1.54,0.125
2021-06-26,,0.1,0.0,0.25,,,0.125
2021-06-27,,0.1,0.0,0.25,,,0.125
2021-06-28,,0.1,0.0,0.25,0.25,1.49,0.125
2021-06-29,,0.1,0.0,0.25,0.27,1.49,0.125
2021-06-30,,0.08,0.0,0.25,0.25,1.45,0.125
2021-07-01,0.1,0.1,0.0,0.25,0.25,1.48,0.125
2021-07-02,,0.1,0.0,0.25,0.24,1.44,0.125
2021-07-03,,0.1,0.0,0.25,,,0.125
2021-07-04,,0.1,0.0,0.25,,,0.125
2021-07-05,,0.1,0.0,0.25,,,0.125
2021-07-06,,0.1,0.0,0.25,0.22,1.37,0.125
2021-07-07,,0.1,0.0,0.25,0.22,1.33,0.125
2021-07-08,,0.1,0.0,0.25,0.19,1.3,0.125
2021-07-09,,0.1,0.0,0.25,0.23,1.37,0.125
2021-07-10,,0.1,0.0,0.25,,,0.125
2021-07-11,,0.1,0.0,0.25,,,0.125
2021-07-12,,0.1,0.0,0.25,0.23,1.38,0.125
2021-07-13,,0.1,0.0,0.25,0.26,1.42,0.125
2021-07-14,,0.1,0.0,0.25,0.23,1.37,0.125
2021-07-15,,0.1,0.0,0.25,0.23,1.31,0.125
2021-07-16,,0.1,0.0,0.25,0.25,1.31,0.125
2021-07-17,,0.1,0.0,0.25,,,0.125
2021-07-18,,0.1,0.0,0.25,,,0.125
2021-07-19,,0.1,0.0,0.25,0.21,1.19,0.125
2021-07-20,,0.1,0.0,0.25,0.2,1.23,0.125
2021-07-21,,0.1,0.0,0.25,0.22,1.3,0.125
2021-07-22,,0.1,0.0,0.25,0.2,1.27,0.125
2021-07-23,,0.1,0.0,0.25,0.22,1.3,0.125
2021-07-24,,0.1,0.0,0.25,,,0.125
2021-07-25,,0.1,0.0,0.25,,,0.125
2021-07-26,,0.1,0.0,0.25,0.22,1.29,0.125
2021-07-27,,0.1,0.0,0.25,0.2,1.25,0.125
2021-07-28,,0.1,0.0,0.25,0.2,1.26,0.125
2021-07-29,,0.1,0.0,0.25,0.2,1.28,0.125
2021-07-30,,0.07,0.0,0.25,0.19,1.24,0.125
2021-07-31,,0.07,0.0,0.25,,,0.125
2021-08-01,0.09,0.07,0.0,0.25,,,0.125
2021-08-02,,0.1,0.0,0.25,0.17,1.2,0.125
2021-08-03,,0.1,0.0,0.25,0.17,1.19,0.125
2021-08-04,,0.1,0.0,0.25,0.17,1.19,0.125
2021-08-05,,0.1,0.0,0.25,0.21,1.23,0.125
2021-08-06,,0.1,0.0,0.25,0.21,1.31,0.125
2021-08-07,,0.1,0.0,0.25,,,0.125
2021-08-08,,0.1,0.0,0.25,,,0.125
2021-08-09,,0.1,0.0,0.25,0.23,1.33,0.125
2021-08-10,,0.1,0.0,0.25,0.24,1.36,0.125
2021-08-11,,0.1,0.0,0.25,0.23,1.35,0.125
2021-08-12,,0.1,0.0,0.25,0.23,1.36,0.125
2021-08-13,,0.1,0.0,0.25,0.23,1.29,0.125
2021-08-14,,0.1,0.0,0.25,,,0.125
2021-08-15,,0.1,0.0,0.25,,,0.125
2021-08-16,,0.1,0.0,0.25,0.21,1.26,0.125
2021-08-17,,0.1,0.0,0.25,0.23,1.26,0.125
2021-08-18,,0.09,0.0,0.25,0.23,1.27,0.125
2021-08-19,,0.09,0.0,0.25,0.22,1.24,0.125
2021-08-20,,0.09,0.0,0.25,0.23,1.26,0.125
2021-08-21,,0.09,0.0,0.25,,,0.125
2021-08-22,,0.09,0.0,0.25,,,0.125
2021-08-23,,0.09,0.0,0.25,0.23,1.25,0.125
2021-08-24,,0.09,0.0,0.25,0.24,1.29,0.125
2021-08-25,,0.09,0.0,0.25,0.23,1.35,0.125
2021-08-26,,0.09,0.0,0.25,0.25,1.34,0.125
2021-08-27,,0.08,0.0,0.25,0.22,1.31,0.125
2021-08-28,,0.08,0.0,0.25,,,0.125
2021-08-29,,0.08,0.0,0.25,,,0.125
2021-08-30,,0.08,0.0,0.25,0.2,1.29,0.125
2021-08-31,,0.06,0.0,0.25,0.2,1.3,0.125
2021-09-01,0.08,0.08,0.0,0.25,0.2,1.31,0.125
2021-09-02,,0.08,0.0,0.25,0.2,1.29,0.125
2021-09-03,,0.08,0.0,0.25,0.21,1.33,0.125
2021-09-04,,0.08,0.0,0.25,,,0.125
2021-09-05,,0.08,0.0,0.25,,,0.125
2021-09-06,,0.08,0.0,0.25,,,0.125
2021-09-07,,0.08,0.0,0.25,0.22,1.38,0.125
2021-09-08,,0.08,0.0,0.25,0.22,1.35,0.125
2021-09-09,,0.08,0.0,0.25,0.23,1.3,0.125
2021-09-10,,0.08,0.0,0.25,0.23,1.35,0.125
2021-09-11,,0.08,0.0,0.25,,,0.125
2021-09-12,,0.08,0.0,0.25,,,0.125
2021-09-13,,0.08,0.0,0.25,0.21,1.33,0.125
2021-09-14,,0.08,0.0,0.25,0.21,1.28,0.125
2021-09-15,,0.08,0.0,0.25,0.21,1.31,0.125
2021-09-16,,0.08,0.0,0.25,0.23,1.34,0.125
2021-09-17,,0.08,0.0,0.25,0.23,1.37,0.125
2021-09-18,,0.08,0.0,0.25,,,0.125
2021-09-19,,0.08,0.0,0.25,,,0.125
2021-09-20,,0.08,0.0,0.25,0.23,1.31,0.125
2021-09-21,,0.08,0.0,0.25,0.22,1.33,0.125
2021-09-22,,0.08,0.0,0.25,0.25,1.32,0.125
2021-09-23,,0.08,0.0,0.25,0.27,1.41,0.125
2021-09-24,,0.08,0.0,0.25,0.29,1.47,0.125
2021-09-25,,0.08,0.0,0.25,,,0.125
2021-09-26,,0.08,0.0,0.25,,,0.125
2021-09-27,,0.08,0.0,0.25,0.31,1.48,0.125
2021-09-28,,0.08,0.0,0.25,0.31,1.54,0.125
2021-09-29,,0.08,0.0,0.25,0.3,1.55,0.125
2021-09-30,,0.06,0.0,0.25,0.28,1.52,0.125
2021-10-01,0.08,0.08,0.0,0.25,0.27,1.48,0.125
2021-10-02,,0.08,0.0,0.25,,,0.125
2021-10-03,,0.08,0.0,0.25,,,0.125
2021-10-04,,0.08,0.0,0.25,0.27,1.49,0.125
2021-10-05,,0.08,0.0,0.25,0.28,1.54,0.125
2021-10-06,,0.08,0.0,0.25,0.3,1.53,0.125
2021-10-07,,0.08,0.0,0.25,0.32,1.58,0.125
2021-10-08,,0.08,0.0,0.25,0.32,1.61,0.125
2021-10-09,,0.08,0.0,0.25,,,0.125
2021-10-10,,0.08,0.0,0.25,,,0.125
2021-10-11,,0.08,0.0,0.25,,,0.125
2021-10-12,,0.08,0.0,0.25,0.35,1.59,0.125
2021-10-13,,0.08,0.0,0.25,0.37,1.56,0.125
2021-10-14,,0.08,0.0,0.25,0.36,1.52,0.125
2021-10-15,,0.08,0.0,0.25,0.41,1.59,0.125
2021-10-16,,0.08,0.0,0.25,,,0.125
2021-10-17,,0.08,0.0,0.25,,,0.125
2021-10-18,,0.08,0.0,0.25,0.44,1.59,0.125
2021-10-19,,0.08,0.0,0.25,0.41,1.65,0.125
2021-10-20,,0.08,0.0,0.25,0.4,1.65,0.125
2021-10-21,,0.08,0.0,0.25,0.45,1.68,0.125
2021-10-22,,0.08,0.0,0.25,0.48,1.66,0.125
2021-10-23,,0.08,0.0,0.25,,,0.125
2021-10-24,,0.08,0.0,0.25,,,0.125
2021-10-25,,0.08,0.0,0.25,0.47,1.64,0.125
2021-10-26,,0.08,0.0,0.25,0.47,1.63,0.125
2021-10-27,,0.08,0.0,0.25,0.5,1.54,0.125
2021-10-28,,0.08,0.0,0.25,0.5,1.57,0.125
2021-10-29,,0.07,0.0,0.25,0.48,1.55,0.125
2021-10-30,,0.07,0.0,0.25,,,0.125
2021-10-31,,0.07,0.0,0.25,,,0.125
2021-11-01,0.08,0.08,0.0,0.25,0.5,1.58,0.125
2021-11-02,,0.08,0.0,0.25,0.46,1.56,0.125
2021-11-03,,0.08,0.0,0.25,0.47,1.6,0.125
2021-11-04,,0.08,0.0,0.25,0.41,1.53,0.125
2021-11-05,,0.08,0.0,0.25,0.39,1.45,0.125
2021-11-06,,0.08,0.0,0.25,,,0.125
2021-11-07,,0.08,0.0,0.25,,,0.125
2021-11-08,,0.08,0.0,0.25,0.45,1.51,0.125
2021-11-09,,0.08,0.0,0.25,0.41,1.46,0.125
2021-11-10,,0.08,0.0,0.25,0.51,1.56,0.125
2021-11-11,,0.08,0.0,0.25,,,0.125
2021-11-12,,0.08,0.0,0.25,0.53,1.58,0.125
2021-11-13,,0.08,0.0,0.25,,,0.125
2021-11-14,,0.08,0.0,0.25,,,0.125
2021-11-15,,0.08,0.0,0.25,0.53,1.63,0.125
2021-11-16,,0.08,0.0,0.25,0.54,1.63,0.125
2021-11-17,,0.08,0.0,0.25,0.52,1.6,0.125
2021-11-18,,0.08,0.0,0.25,0.52,1.59,0.125
2021-11-19,,0.08,0.0,0.25,0.52,1.54,0.125
2021-11-20,,0.08,0.0,0.25,,,0.125
2021-11-21,,0.08,0.0,0.25,,,0.125
2021-11-22,,0.08,0.0,0.25,0.63,1.63,0.125
2021-11-23,,0.08,0.0,0.25,0.6,1.67,0.125
2021-11-24,,0.08,0.0,0.25,0.64,1.64,0.125
2021-11-25,,0.08,0.0,0.25,,,0.125
2021-11-26,,0.08,0.0,0.25,0.5,1.48,0.125
2021-11-27,,0.08,0.0,0.25,,,0.125
2021-11-28,,0.08,0.0,0.25,,,0.125
2021-11-29,,0.08,0.0,0.25,0.51,1.52,0.125
2021-11-30,,0.07,0.0,0.25,0.52,1.43,0.125
2021-12-01,0.08,0.08,0.0,0.25,0.56,1.43,0.125
2021-12-02,,0.08,0.0,0.25,0.63,1.44,0.125
2021-12-03,,0.08,0.0,0.25,0.6,1.35,0.125
2021-12-04,,0.08,0.0,0.25,,,0.125
2021-12-05,,0.08,0.0,0.25,,,0.125
2021-12-06,,0.08,0.0,0.25,0.65,1.43,0.125
2021-12-07,,0.08,0.0,0.25,0.7,1.48,0.125
2021-12-08,,0.08,0.0,0.25,0.68,1.52,0.125
2021-12-09,,0.08,0.0,0.25,0.7,1.49,0.125
2021-12-10,,0.08,0.0,0.25,0.67,1.48,0.125
2021-12-11,,0.08,0.0,0.25,,,0.125
2021-12-12,,0.08,0.0,0.25,,,0.125
2021-12-13,,0.08,0.0,0.25,0.66,1.42,0.125
2021-12-14,,0.08,0.0,0.25,0.67,1.44,0.125
2021-12-15,,0.08,0.0,0.25,0.69,1.47,0.125
2021-12-16,,0.08,0.0,0.25,0.64,1.44,0.125
2021-12-17,,0.08,0.0,0.25,0.66,1.41,0.125
2021-12-18,,0.08,0.0,0.25,,,0.125
2021-12-19,,0.08,0.0,0.25,,,0.125
2021-12-20,,0.08,0.0,0.25,0.65,1.43,0.125
2021-12-21,,0.08,0.0,0.25,0.7,1.48,0.125
2021-12-22,,0.08,0.0,0.25,0.68,1.46,0.125
2021-12-23,,0.08,0.0,0.25,0.71,1.5,0.125
2021-12-24,,0.08,0.0,0.25,,,0.125
2021-12-25,,0.08,0.0,0.25,,,0.125
2021-12-26,,0.08,0.0,0.25,,,0.125
2021-12-27,,0.08,0.0,0.25,0.76,1.48,0.125
2021-12-28,,0.08,0.0,0.25,0.74,1.49,0.125
2021-12-29,,0.08,0.0,0.25,0.75,1.55,0.125
2021-12-30,,0.08,0.0,0.25,0.73,1.52,0.125
2021-12-31,,0.07,0.0,0.25,0.73,1.52,0.125
2022-01-01,0.08,0.07,0.0,0.25,,,0.125
2022-01-02,,0.07,0.0,0.25,,,0.125
2022-01-03,,0.08,0.0,0.25,0.78,1.63,0.125
2022-01-04,,0.08,0.0,0.25,0.77,1.66,0.125
2022-01-05,,0.08,0.0,0.25,0.83,1.71,0.125
2022-01-06,,0.08,0.0,0.25,0.88,1.73,0.125
2022-01-07,,0.08,0.0,0.25,0.87,1.76,0.125
2022-01-08,,0.08,0.0,0.25,,,0.125
2022-01-09,,0.08,0.0,0.25,,,0.125
2022-01-10,,0.08,0.0,0.25,0.92,1.78,0.125
2022-01-11,,0.08,0.0,0.25,0.9,1.75,0.125
2022-01-12,,0.08,0.0,0.25,0.92,1.74,0.125
2022-01-13,,0.08,0.0,0.25,0.91,1.7,0.125
2022-01-14,,0.08,0.0,0.25,0.99,1.78,0.125
2022-01-15,,0.08,0.0,0.25,,,0.125
2022-01-16,,0.08,0.0,0.25,,,0.125
2022-01-17,,0.08,0.0,0.25,,,0.125
2022-01-18,,0.08,0.0,0.25,1.06,1.87,0.125
2022-01-19,,0.08,0.0,0.25,1.04,1.83,0.125
2022-01-20,,0.08,0.0,0.25,1.08,1.83,0.125
2022-01-21,,0.08,0.0,0.25,1.01,1.75,0.125
2022-01-22,,0.08,0.0,0.25,,,0.125
2022-01-23,,0.08,0.0,0.25,,,0.125
2022-01-24,,0.08,0.0,0.25,0.99,1.75,0.125
2022-01-25,,0.08,0.0,0.25,1.02,1.78,0.125
2022-01-26,,0.08,0.0,0.25,1.13,1.85,0.125
2022-01-27,,0.08,0.0,0.25,1.18,1.81,0.125
2022-01-28,,0.08,0.0,0.25,1.15,1.78,0.125
2022-01-29,,0.08,0.0,0.25,,,0.125
2022-01-30,,0.08,0.0,0.25,,,0.125
2022-01-31,,0.08,0.0,0.25,1.18,1.79,0.125
2022-02-01,0.08,0.08,0.0,0.25,1.18,1.81,0.125
2022-02-02,,0.08,0.0,0.25,1.16,1.78,0.125
2022-02-03,,0.08,0.0,0.25,1.19,1.82,0.125
2022-02-04,,0.08,0.0,0.25,1.31,1.93,0.125
2022-02-05,,0.08,0.0,0.25,,,0.125
2022-02-06,,0.08,0.0,0.25,,,0.125
2022-02-07,,0.08,0.0,0.25,1.3,1.92,0.125
2022-02-08,,0.08,0.0,0.25,1.35,1.96,0.125
2022-02-09,,0.08,0.0,0.25,1.36,1.94,0.125
2022-02-10,,0.08,0.0,0.25,1.61,2.03,0.125
2022-02-11,,0.08,0.0,0.25,1.5,1.92,0.125
2022-02-12,,0.08,0.0,0.25,,,0.125
2022-02-13,,0.08,0.0,0.25,,,0.125
2022-02-14,,0.08,0.0,0.25,1.58,1.98,0.125
2022-02-15,,0.08,0.0,0.25,1.58,2.05,0.125
2022-02-16,,0.08,0.0,0.25,1.52,2.03,0.125
2022-02-17,,0.08,0.0,0.25,1.49,1.97,0.125
2022-02-18,,0.08,0.0,0.25,1.47,1.92,0.125
2022-02-19,,0.08,0.0,0.25,,,0.125
2022-02-20,,0.08,0.0,0.25,,,0.125
2022-02-21,,0.08,0.0,0.25,,,0.125
2022-02-22,,0.08,0.0,0.25,1.56,1.94,0.125
2022-02-23,,0.08,0.0,0.25,1.58,1.99,0.125
2022-02-24,,0.08,0.0,0.25,1.54,1.96,0.125
2022-02-25,,0.08,0.0,0.25,1.55,1.97,0.125
2022-02-26,,0.08,0.0,0.25,,,0.125
2022-02-27,,0.08,0.0,0.25,,,0.125
2022-02-28,,0.08,0.0,0.25,1.44,1.83,0.125
2022-03-01,0.2,0.08,0.0,0.25,1.31,1.72,0.125
2022-03-02,,0.08,0.0,0.25,1.5,1.86,0.125
2022-03-03,,0.08,0.0,0.25,1.53,1.86,0.125
2022-03-04,,0.08,0.0,0.25,1.5,1.74,0.125
2022-03-05,,0.08,0.0,0.25,,,0.125
2022-03-06,,0.08,0.0,0.25,,,0.125
2022-03-07,,0.08,0.0,0.25,1.55,1.78,0.125
2022-03-08,,0.08,0.0,0.25,1.63,1.86,0.125
2022-03-09,,0.08,0.0,0.25,1.68,1.94,0.125
2022-03-10,,0.08,0.0,0.25,1.72,1.98,0.125
2022-03-11,,0.08,0.0,0.25,1.75,2.0,0.125
2022-03-12,,0.08,0.0,0.25,,,0.125
2022-03-13,,0.08,0.0,0.25,,,0.125
2022-03-14,,0.08,0.0,0.25,1.87,2.14,0.125
2022-03-15,,0.08,0.0,0.25,1.85,2.15,0.125
2022-03-16,,0.08,0.0,0.25,1.95,2.19,0.125
2022-03-17,,0.33,0.25,0.5,1.94,2.2,0.375
2022-03-18,,0.33,0.25,0.5,1.97,2.14,0.375
2022-03-19,,0.33,0.25,0.5,,,0.375
2022-03-20,,0.33,0.25,0.5,,,0.375
2022-03-21,,0.33,0.25,0.5,2.14,2.32,0.375
2022-03-22,,0.33,0.25,0.5,2.18,2.38,0.375
2022-03-23,,0.33,0.25,0.5,2.13,2.32,0.375
2022-03-24,,0.33,0.25,0.5,2.13,2.34,0.375
2022-03-25,,0.33,0.25,0.5,2.3,2.48,0.375
2022-03-26,,0.33,0.25,0.5,,,0.375
2022-03-27,,0.33,0.25,0.5,,,0.375
2022-03-28,,0.33,0.25,0.5,2.35,2.46,0.375
2022-03-29,,0.33,0.25,0.5,2.35,2.41,0.375
2022-03-30,,0.33,0.25,0.5,2.31,2.35,0.375
2022-03-31,,0.33,0.25,0.5,2.28,2.32,0.375
2022-04-01,0.33,0.33,0.25,0.5,2.44,2.39,0.375
2022-04-02,,0.33,0.25,0.5,,,0.375
2022-04-03,,0.33,0.25,0.5,,,0.375
2022-04-04,,0.33,0.25,0.5,2.43,2.42,0.375
2022-04-05,,0.33,0.25,0.5,2.51,2.54,0.375
2022-04-06,,0.33,0.25,0.5,2.5,2.61,0.375
2022-04-07,,0.33,0.25,0.5,2.47,2.66,0.375
2022-04-08,,0.33,0.25,0.5,2.53,2.72,0.375
2022-04-09,,0.33,0.25,0.5,,,0.375
2022-04-10,,0.33,0.25,0.5,,,0.375
2022-04-11,,0.33,0.25,0.5,2.5,2.79,0.375
2022-04-12,,0.33,0.25,0.5,2.39,2.72,0.375
2022-04-13,,0.33,0.25,0.5,2.37,2.7,0.375
2022-04-14,,0.33,0.25,0.5,2.47,2.83,0.375
2022-04-15,,0.33,0.25,0.5,,,0.375
2022-04-16,,0.33,0.25,0.5,,,0.375
2022-04-17,,0.33,0.25,0.5,,,0.375
2022-04-18,,0.33,0.25,0.5,2.46,2.85,0.375
2022-04-19,,0.33,0.25,0.5,2.61,2.93,0.375
2022-04-20,,0.33,0.25,0.5,2.6,2.85,0.375
2022-04-21,,0.33,0.25,0.5,2.68,2.9,0.375
2022-04-22,,0.33,0.25,0.5,2.72,2.9,0.375
2022-04-23,,0.33,0.25,0.5,,,0.375
2022-04-24,,0.33,0.25,0.5,,,0.375
2022-04-25,,0.33,0.25,0.5,2.63,2.81,0.375
2022-04-26,,0.33,0.25,0.5,2.54,2.77,0.375
2022-04-27,,0.33,0.25,0.5,2.58,2.82,0.375
2022-04-28,,0.33,0.25,0.5,2.63,2.85,0.375
2022-04-29,,0.33,0.25,0.5,2.7,2.89,0.375
2022-04-30,,0.33,0.25,0.5,,,0.375
2022-05-01,0.77,0.33,0.25,0.5,,,0.375
2022-05-02,,0.33,0.25,0.5,2.73,2.99,0.375
2022-05-03,,0.33,0.25,0.5,2.78,2.97,0.375
2022-05-04,,0.33,0.25,0.5,2.66,2.93,0.375
2022-05-05,,0.83,0.75,1.0,2.71,3.05,0.875
2022-05-06,,0.83,0.75,1.0,2.72,3.12,0.875
2022-05-07,,0.83,0.75,1.0,,,0.875
2022-05-08,,0.83,0.75,1.0,,,0.875
2022-05-09,,0.83,0.75,1.0,2.61,3.05,0.875
2022-05-10,,0.83,0.75,1.0,2.62,2.99,0.875
2022-05-11,,0.83,0.75,1.0,2.66,2.91,0.875
2022-05-12,,0.83,0.75,1.0,2.56,2.84,0.875
2022-05-13,,0.83,0.75,1.0,2.61,2.93,0.875
2022-05-14,,0.83,0.75,1.0,,,0.875
2022-05-15,,0.83,0.75,1.0,,,0.875
2022-05-16,,0.83,0.75,1.0,2.58,2.88,0.875
2022-05-17,,0.83,0.75,1.0,2.71,2.98,0.875
2022-05-18,,0.83,0.75,1.0,2.68,2.89,0.875
2022-05-19,,0.83,0.75,1.0,2.63,2.84,0.875
2022-05-20,,0.83,0.75,1.0,2.6,2.78,0.875
2022-05-21,,0.83,0.75,1.0,,,0.875
2022-05-22,,0.83,0.75,1.0,,,0.875
2022-05-23,,0.83,0.75,1.0,2.65,2.86,0.875
2022-05-24,,0.83,0.75,1.0,2.5,2.76,0.875
2022-05-25,,0.83,0.75,1.0,2.48,2.75,0.875
2022-05-26,,0.83,0.75,1.0,2.46,2.75,0.875
2022-05-27,,0.83,0.75,1.0,2.47,2.74,0.875
2022-05-28,,0.83,0.75,1.0,,,0.875
2022-05-29,,0.83,0.75,1.0,,,0.875
2022-05-30,,0.83,0.75,1.0,,,0.875
2022-05-31,,0.83,0.75,1.0,2.53,2.85,0.875
2022-06-01,1.21,0.83,0.75,1.0,2.66,2.94,0.875
2022-06-02,,0.83,0.75,1.0,2.65,2.92,0.875
2022-06-03,,0.83,0.75,1.0,2.66,2.96,0.875
2022-06-04,,0.83,0.75,1.0,,,0.875
2022-06-05,,0.83,0.75,1.0,,,0.875
2022-06-06,,0.83,0.75,1.0,2.73,3.04,0.875
2022-06-07,,0.83,0.75,1.0,2.75,2.98,0.875
2022-06-08,,0.83,0.75,1.0,2.78,3.03,0.875
2022-06-09,,0.83,0.75,1.0,2.83,3.04,0.875
2022-06-10,,0.83,0.75,1.0,3.06,3.15,0.875
2022-06-11,,0.83,0.75,1.0,,,0.875
2022-06-12,,0.83,0.75,1.0,,,0.875
2022-06-13,,0.83,0.75,1.0,3.4,3.43,0.875
2022-06-14,,0.83,0.75,1.0,3.45,3.49,0.875
2022-06-15,,0.83,0.75,1.0,3.2,3.33,0.875
2022-06-16,,1.58,1.5,1.75,3.14,3.28,1.625
2022-06-17,,1.58,1.5,1.75,3.17,3.25,1.625
2022-06-18,,1.58,1.5,1.75,,,1.625
2022-06-19,,1.58,1.5,1.75,,,1.625
2022-06-20,,1.58,1.5,1.75,,,1.625
2022-06-21,,1.58,1.5,1.75,3.21,3.31,1.625
2022-06-22,,1.58,1.5,1.75,3.06,3.16,1.625
2022-06-23,,1.58,1.5,1.75,3.01,3.09,1.625
2022-06-24,,1.58,1.5,1.75,3.04,3.13,1.625
2022-06-25,,1.58,1.5,1.75,,,1.625
2022-06-26,,1.58,1.5,1.75,,,1.625
2022-06-27,,1.58,1.5,1.75,3.08,3.2,1.625
2022-06-28,,1.58,1.5,1.75,3.1,3.2,1.625
2022-06-29,,1.58,1.5,1.75,3.06,3.1,1.625
2022-06-30,,1.58,1.5,1.75,2.92,2.98,1.625
2022-07-01,1.68,1.58,1.5,1.75,2.84,2.88,1.625
2022-07-02,,1.58,1.5,1.75,,,1.625
2022-07-03,,1.58,1.5,1.75,,,1.625
2022-07-04,,1.58,1.5,1.75,,,1.625
2022-07-05,,1.58,1.5,1.75,2.82,2.82,1.625
2022-07-06,,1.58,1.5,1.75,2.97,2.93,1.625
2022-07-07,,1.58,1.5,1.75,3.03,3.01,1.625
2022-07-08,,1.58,1.5,1.75,3.12,3.09,1.625
2022-07-09,,1.58,1.5,1.75,,,1.625
2022-07-10,,1.58,1.5,1.75,,,1.625
2022-07-11,,1.58,1.5,1.75,3.07,2.99,1.625
2022-07-12,,1.58,1.5,1.75,3.03,2.96,1.625
2022-07-13,,1.58,1.5,1.75,3.13,2.91,1.625
2022-07-14,,1.58,1.5,1.75,3.15,2.96,1.625
2022-07-15,,1.58,1.5,1.75,3.13,2.93,1.625
2022-07-16,,1.58,1.5,1.75,,,1.625
2022-07-17,,1.58,1.5,1.75,,,1.625
2022-07-18,,1.58,1.5,1.75,3.15,2.96,1.625
2022-07-19,,1.58,1.5,1.75,3.23,3.01,1.625
2022-07-20,,1.58,1.5,1.75,3.25,3.04,1.625
2022-07-21,,1.58,1.5,1.75,3.1,2.91,1.625
2022-07-22,,1.58,1.5,1.75,2.98,2.77,1.625
2022-07-23,,1.58,1.5,1.75,,,1.625
2022-07-24,,1.58,1.5,1.75,,,1.625
2022-07-25,,1.58,1.5,1.75,3.0,2.81,1.625
2022-07-26,,1.58,1.5,1.75,3.02,2.81,1.625
2022-07-27,,1.58,1.5,1.75,2.96,2.78,1.625
2022-07-28,,2.33,2.25,2.5,2.85,2.68,2.375
2022-07-29,,2.32,2.25,2.5,2.89,2.67,2.375
2022-07-30,,2.32,2.25,2.5,,,2.375
2022-07-31,,2.32,2.25,2.5,,,2.375
2022-08-01,2.33,2.33,2.25,2.5,2.9,2.6,2.375
2022-08-02,,2.33,2.25,2.5,3.06,2.75,2.375
2022-08-03,,2.33,2.25,2.5,3.1,2.73,2.375
2022-08-04,,2.33,2.25,2.5,3.03,2.68,2.375
2022-08-05,,2.33,2.25,2.5,3.24,2.83,2.375
2022-08-06,,2.33,2.25,2.5,,,2.375
2022-08-07,,2.33,2.25,2.5,,,2.375
2022-08-08,,2.33,2.25,2.5,3.21,2.77,2.375
2022-08-09,,2.33,2.25,2.5,3.28,2.8,2.375
2022-08-10,,2.33,2.25,2.5,3.23,2.78,2.375
2022-08-11,,2.33,2.25,2.5,3.23,2.87,2.375
2022-08-12,,2.33,2.25,2.5,3.25,2.84,2.375
2022-08-13,,2.33,2.25,2.5,,,2.375
2022-08-14,,2.33,2.25,2.5,,,2.375
2022-08-15,,2.33,2.25,2.5,3.2,2.79,2.375
2022-08-16,,2.33,2.25,2.5,3.25,2.82,2.375
2022-08-17,,2.33,2.25,2.5,3.28,2.89,2.375
2022-08-18,,2.33,2.25,2.5,3.22,2.88,2.375
2022-08-19,,2.33,2.25,2.5,3.25,2.98,2.375
2022-08-20,,2.33,2.25,2.5,,,2.375
2022-08-21,,2.33,2.25,2.5,,,2.375
2022-08-22,,2.33,2.25,2.5,3.32,3.03,2.375
2022-08-23,,2.33,2.25,2.5,3.29,3.05,2.375
2022-08-24,,2.33,2.25,2.5,3.36,3.11,2.375
2022-08-25,,2.33,2.25,2.5,3.35,3.03,2.375
2022-08-26,,2.33,2.25,2.5,3.37,3.04,2.375
2022-08-27,,2.33,2.25,2.5,,,2.375
2022-08-28,,2.33,2.25,2.5,,,2.375
2022-08-29,,2.33,2.25,2.5,3.42,3.12,2.375
2022-08-30,,2.33,2.25,2.5,3.46,3.11,2.375
2022-08-31,,2.33,2.25,2.5,3.45,3.15,2.375
2022-09-01,2.56,2.33,2.25,2.5,3.51,3.26,2.375
2022-09-02,,2.33,2.25,2.5,3.4,3.2,2.375
2022-09-03,,2.33,2.25,2.5,,,2.375
2022-09-04,,2.33,2.25,2.5,,,2.375
2022-09-05,,2.33,2.25,2.5,,,2.375
2022-09-06,,2.33,2.25,2.5,3.5,3.33,2.375
2022-09-07,,2.33,2.25,2.5,3.45,3.27,2.375
2022-09-08,,2.33,2.25,2.5,3.48,3.29,2.375
2022-09-09,,2.33,2.25,2.5,3.56,3.33,2.375
2022-09-10,,2.33,2.25,2.5,,,2.375
2022-09-11,,2.33,2.25,2.5,,,2.375
2022-09-12,,2.33,2.25,2.5,3.58,3.37,2.375
2022-09-13,,2.33,2.25,2.5,3.75,3.42,2.375
2022-09-14,,2.33,2.25,2.5,3.78,3.41,2.375
2022-09-15,,2.33,2.25,2.5,3.87,3.45,2.375
2022-09-16,,2.33,2.25,2.5,3.85,3.45,2.375
2022-09-17,,2.33,2.25,2.5,,,2.375
2022-09-18,,2.33,2.25,2.5,,,2.375
2022-09-19,,2.33,2.25,2.5,3.95,3.49,2.375
2022-09-20,,2.33,2.25,2.5,3.96,3.57,2.375
2022-09-21,,2.33,2.25,2.5,4.02,3.51,2.375
2022-09-22,,3.08,3.0,3.25,4.11,3.7,3.125
2022-09-23,,3.08,3.0,3.25,4.2,3.69,3.125
2022-09-24,,3.08,3.0,3.25,,,3.125
2022-09-25,,3.08,3.0,3.25,,,3.125
2022-09-26,,3.08,3.0,3.25,4.27,3.88,3.125
2022-09-27,,3.08,3.0,3.25,4.3,3.97,3.125
2022-09-28,,3.08,3.0,3.25,4.07,3.72,3.125
2022-09-29,,3.08,3.0,3.25,4.16,3.76,3.125
2022-09-30,,3.08,3.0,3.25,4.22,3.83,3.125
2022-10-01,3.08,3.08,3.0,3.25,,,3.125
2022-10-02,,3.08,3.0,3.25,,,3.125
2022-10-03,,3.08,3.0,3.25,4.12,3.67,3.125
2022-10-04,,3.08,3.0,3.25,4.1,3.62,3.125
2022-10-05,,3.08,3.0,3.25,4.15,3.76,3.125
2022-10-06,,3.08,3.0,3.25,4.23,3.83,3.125
2022-10-07,,3.08,3.0,3.25,4.3,3.89,3.125
2022-10-08,,3.08,3.0,3.25,,,3.125
2022-10-09,,3.08,3.0,3.25,,,3.125
2022-10-10,,3.08,3.0,3.25,,,3.125
2022-10-11,,3.08,3.0,3.25,4.3,3.93,3.125
2022-10-12,,3.08,3.0,3.25,4.28,3.91,3.125
2022-10-13,,3.08,3.0,3.25,4.47,3.97,3.125
2022-10-14,,3.08,3.0,3.25,4.48,4.0,3.125
2022-10-15,,3.08,3.0,3.25,,,3.125
2022-10-16,,3.08,3.0,3.25,,,3.125
2022-10-17,,3.08,3.0,3.25,4.45,4.02,3.125
2022-10-18,,3.08,3.0,3.25,4.43,4.01,3.125
2022-10-19,,3.08,3.0,3.25,4.55,4.14,3.125
2022-10-20,,3.08,3.0,3.25,4.62,4.24,3.125
2022-10-21,,3.08,3.0,3.25,4.49,4.21,3.125
2022-10-22,,3.08,3.0,3.25,,,3.125
2022-10-23,,3.08,3.0,3.25,,,3.125
2022-10-24,,3.08,3.0,3.25,4.5,4.25,3.125
2022-10-25,,3.08,3.0,3.25,4.42,4.1,3.125
2022-10-26,,3.08,3.0,3.25,4.39,4.04,3.125
2022-10-27,,3.08,3.0,3.25,4.3,3.96,3.125
2022-10-28,,3.08,3.0,3.25,4.41,4.02,3.125
2022-10-29,,3.08,3.0,3.25,,,3.125
2022-10-30,,3.08,3.0,3.25,,,3.125
2022-10-31,,3.08,3.0,3.25,4.51,4.1,3.125
2022-11-01,3.78,3.08,3.0,3.25,4.54,4.07,3.125
2022-11-02,,3.08,3.0,3.25,4.61,4.1,3.125
2022-11-03,,3.83,3.75,4.0,4.71,4.14,3.875
2022-11-04,,3.83,3.75,4.0,4.66,4.17,3.875
2022-11-05,,3.83,3.75,4.0,,,3.875
2022-11-06,,3.83,3.75,4.0,,,3.875
2022-11-07,,3.83,3.75,4.0,4.72,4.22,3.875
2022-11-08,,3.83,3.75,4.0,4.67,4.14,3.875
2022-11-09,,3.83,3.75,4.0,4.61,4.12,3.875
2022-11-10,,3.83,3.75,4.0,4.34,3.82,3.875
2022-11-11,,3.83,3.75,4.0,,,3.875
2022-11-12,,3.83,3.75,4.0,,,3.875
2022-11-13,,3.83,3.75,4.0,,,3.875
2022-11-14,,3.83,3.75,4.0,4.4,3.88,3.875
2022-11-15,,3.83,3.75,4.0,4.37,3.8,3.875
2022-11-16,,3.83,3.75,4.0,4.35,3.67,3.875
2022-11-17,,3.83,3.75,4.0,4.43,3.77,3.875
2022-11-18,,3.83,3.75,4.0,4.51,3.82,3.875
2022-11-19,,3.83,3.75,4.0,,,3.875
2022-11-20,,3.83,3.75,4.0,,,3.875
2022-11-21,,3.83,3.75,4.0,4.48,3.83,3.875
2022-11-22,,3.83,3.75,4.0,4.47,3.76,3.875
2022-11-23,,3.83,3.75,4.0,4.46,3.71,3.875
2022-11-24,,3.83,3.75,4.0,,,3.875
2022-11-25,,3.83,3.75,4.0,4.42,3.68,3.875
2022-11-26,,3.83,3.75,4.0,,,3.875
2022-11-27,,3.83,3.75,4.0,,,3.875
2022-11-28,,3.83,3.75,4.0,4.46,3.69,3.875
2022-11-29,,3.83,3.75,4.0,4.48,3.75,3.875
2022-11-30,,3.83,3.75,4.0,4.38,3.68,3.875
2022-12-01,4.1,3.83,3.75,4.0,4.25,3.53,3.875
2022-12-02,,3.83,3.75,4.0,4.28,3.51,3.875
2022-12-03,,3.83,3.75,4.0,,,3.875
2022-12-04,,3.83,3.75,4.0,,,3.875
2022-12-05,,3.83,3.75,4.0,4.41,3.6,3.875
2022-12-06,,3.83,3.75,4.0,4.34,3.51,3.875
2022-12-07,,3.83,3.75,4.0,4.26,3.42,3.875
2022-12-08,,3.83,3.75,4.0,4.31,3.48,3.875
2022-12-09,,3.83,3.75,4.0,4.33,3.57,3.875
2022-12-10,,3.83,3.75,4.0,,,3.875
2022-12-11,,3.83,3.75,4.0,,,3.875
2022-12-12,,3.83,3.75,4.0,4.39,3.61,3.875
2022-12-13,,3.83,3.75,4.0,4.22,3.51,3.875
2022-12-14,,3.83,3.75,4.0,4.23,3.49,3.875
2022-12-15,,4.33,4.25,4.5,4.23,3.44,4.375
2022-12-16,,4.33,4.25,4.5,4.17,3.48,4.375
2022-12-17,,4.33,4.25,4.5,,,4.375
2022-12-18,,4.33,4.25,4.5,,,4.375
2022-12-19,,4.33,4.25,4.5,4.25,3.57,4.375
2022-12-20,,4.33,4.25,4.5,4.25,3.69,4.375
2022-12-21,,4.33,4.25,4.5,4.21,3.68,4.375
2022-12-22,,4.33,4.25,4.5,4.24,3.67,4.375
2022-12-23,,4.33,4.25,4.5,4.31,3.75,4.375
2022-12-24,,4.33,4.25,4.5,,,4.375
2022-12-25,,4.33,4.25,4.5,,,4.375
2022-12-26,,4.33,4.25,4.5,,,4.375
2022-12-27,,4.33,4.25,4.5,4.32,3.84,4.375
2022-12-28,,4.33,4.25,4.5,4.31,3.88,4.375
2022-12-29,,4.33,4.25,4.5,4.34,3.83,4.375
2022-12-30,,4.33,4.25,4.5,4.41,3.88,4.375
2022-12-31,,4.33,4.25,4.5,,,4.375
2023-01-01,4.33,4.33,4.25,4.5,,,4.375
2023-01-02,,4.33,4.25,4.5,,,4.375
2023-01-03,,4.33,4.25,4.5,4.4,3.79,4.375
2023-01-04,,4.33,4.25,4.5,4.36,3.69,4.375
2023-01-05,,4.33,4.25,4.5,4.45,3.71,4.375
2023-01-06,,4.33,4.25,4.5,4.24,3.55,4.375
2023-01-07,,4.33,4.25,4.5,,,4.375
2023-01-08,,4.33,4.25,4.5,,,4.375
2023-01-09,,4.33,4.25,4.5,4.19,3.53,4.375
2023-01-10,,4.33,4.25,4.5,4.24,3.61,4.375
2023-01-11,,4.33,4.25,4.5,4.2,3.54,4.375
2023-01-12,,4.33,4.25,4.5,4.12,3.43,4.375
2023-01-13,,4.33,4.25,4.5,4.22,3.49,4.375
2023-01-14,,4.33,4.25,4.5,,,4.375
2023-01-15,,4.33,4.25,4.5,,,4.375
2023-01-16,,4.33,4.25,4.5,,,4.375
2023-01-17,,4.33,4.25,4.5,4.18,3.53,4.375
2023-01-18,,4.33,4.25,4.5,4.06,3.37,4.375
2023-01-19,,4.33,4.25,4.5,4.09,3.39,4.375
2023-01-20,,4.33,4.25,4.5,4.14,3.48,4.375
2023-01-21,,4.33,4.25,4.5,,,4.375
2023-01-22,,4.33,4.25,4.5,,,4.375
2023-01-23,,4.33,4.25,4.5,4.21,3.52,4.375
2023-01-24,,4.33,4.25,4.5,4.12,3.46,4.375
2023-01-25,,4.33,4.25,4.5,4.11,3.46,4.375
2023-01-26,,4.33,4.25,4.5,4.17,3.49,4.375
2023-01-27,,4.33,4.25,4.5,4.19,3.52,4.375
2023-01-28,,4.33,4.25,4.5,,,4.375
2023-01-29,,4.33,4.25,4.5,,,4.375
2023-01-30,,4.33,4.25,4.5,4.25,3.55,4.375
2023-01-31,,4.33,4.25,4.5,4.21,3.52,4.375
2023-02-01,4.57,4.33,4.25,4.5,4.09,3.39,4.375
2023-02-02,,4.58,4.5,4.75,4.09,3.4,4.625
2023-02-03,,4.58,4.5,4.75,4.3,3.53,4.625
2023-02-04,,4.58,4.5,4.75,,,4.625
2023-02-05,,4.58,4.5,4.75,,,4.625
2023-02-06,,4.58,4.5,4.75,4.44,3.63,4.625
2023-02-07,,4.58,4.5,4.75,4.47,3.67,4.625
2023-02-08,,4.58,4.5,4.75,4.45,3.63,4.625
2023-02-09,,4.57,4.5,4.75,4.48,3.67,4.625
2023-02-10,,4.58,4.5,4.75,4.5,3.74,4.625
2023-02-11,,4.58,4.5,4.75,,,4.625
2023-02-12,,4.58,4.5,4.75,,,4.625
2023-02-13,,4.58,4.5,4.75,4.52,3.72,4.625
2023-02-14,,4.58,4.5,4.75,4.6,3.77,4.625
2023-02-15,,4.58,4.5,4.75,4.62,3.81,4.625
2023-02-16,,4.58,4.5,4.75,4.62,3.86,4.625
2023-02-17,,4.58,4.5,4.75,4.6,3.82,4.625
2023-02-18,,4.58,4.5,4.75,,,4.625
2023-02-19,,4.58,4.5,4.75,,,4.625
2023-02-20,,4.58,4.5,4.75,,,4.625
2023-02-21,,4.58,4.5,4.75,4.67,3.95,4.625
2023-02-22,,4.58,4.5,4.75,4.66,3.93,4.625
2023-02-23,,4.58,4.5,4.75,4.66,3.88,4.625
2023-02-24,,4.58,4.5,4.75,4.78,3.95,4.625
2023-02-25,,4.58,4.5,4.75,,,4.625
2023-02-26,,4.58,4.5,4.75,,,4.625
2023-02-27,,4.57,4.5,4.75,4.78,3.92,4.625
2023-02-28,,4.57,4.5,4.75,4.81,3.92,4.625
2023-03-01,4.65,4.58,4.5,4.75,4.89,4.01,4.625
2023-03-02,,4.57,4.5,4.75,4.89,4.08,4.625
2023-03-03,,4.57,4.5,4.75,4.86,3.97,4.625
2023-03-04,,4.57,4.5,4.75,,,4.625
2023-03-05,,4.57,4.5,4.75,,,4.625
2023-03-06,,4.57,4.5,4.75,4.89,3.98,4.625
2023-03-07,,4.57,4.5,4.75,5.0,3.97,4.625
2023-03-08,,4.57,4.5,4.75,5.05,3.98,4.625
2023-03-09,,4.57,4.5,4.75,4.9,3.93,4.625
2023-03-10,,4.57,4.5,4.75,4.6,3.7,4.625
2023-03-11,,4.57,4.5,4.75,,,4.625
2023-03-12,,4.57,4.5,4.75,,,4.625
2023-03-13,,4.58,4.5,4.75,4.03,3.55,4.625
2023-03-14,,4.58,4.5,4.75,4.2,3.64,4.625
2023-03-15,,4.58,4.5,4.75,3.93,3.51,4.625
2023-03-16,,4.58,4.5,4.75,4.14,3.56,4.625
2023-03-17,,4.58,4.5,4.75,3.81,3.39,4.625
2023-03-18,,4.58,4.5,4.75,,,4.625
2023-03-19,,4.58,4.5,4.75,,,4.625
2023-03-20,,4.58,4.5,4.75,3.92,3.47,4.625
2023-03-21,,4.58,4.5,4.75,4.17,3.59,4.625
2023-03-22,,4.58,4.5,4.75,3.96,3.48,4.625
2023-03-23,,4.83,4.75,5.0,3.76,3.38,4.875
2023-03-24,,4.83,4.75,5.0,3.76,3.38,4.875
2023-03-25,,4.83,4.75,5.0,,,4.875
2023-03-26,,4.83,4.75,5.0,,,4.875
2023-03-27,,4.83,4.75,5.0,3.94,3.53,4.875
2023-03-28,,4.83,4.75,5.0,4.02,3.55,4.875
2023-03-29,,4.83,4.75,5.0,4.08,3.57,4.875
2023-03-30,,4.83,4.75,5.0,4.1,3.55,4.875
2023-03-31,,4.83,4.75,5.0,4.06,3.48,4.875
2023-04-01,4.83,4.83,4.75,5.0,,,4.875
2023-04-02,,4.83,4.75,5.0,,,4.875
2023-04-03,,4.83,4.75,5.0,3.97,3.43,4.875
2023-04-04,,4.83,4.75,5.0,3.84,3.35,4.875
2023-04-05,,4.83,4.75,5.0,3.79,3.3,4.875
2023-04-06,,4.83,4.75,5.0,3.82,3.3,4.875
2023-04-07,,4.83,4.75,5.0,3.97,3.39,4.875
2023-04-08,,4.83,4.75,5.0,,,4.875
2023-04-09,,4.83,4.75,5.0,,,4.875
2023-04-10,,4.83,4.75,5.0,4.0,3.41,4.875
2023-04-11,,4.83,4.75,5.0,4.03,3.43,4.875
2023-04-12,,4.83,4.75,5.0,3.95,3.41,4.875
2023-04-13,,4.83,4.75,5.0,3.96,3.45,4.875
2023-04-14,,4.83,4.75,5.0,4.08,3.52,4.875
2023-04-15,,4.83,4.75,5.0,,,4.875
2023-04-16,,4.83,4.75,5.0,,,4.875
2023-04-17,,4.83,4.75,5.0,4.18,3.6,4.875
2023-04-18,,4.83,4.75,5.0,4.19,3.58,4.875
2023-04-19,,4.83,4.75,5.0,4.24,3.6,4.875
2023-04-20,,4.83,4.75,5.0,4.14,3.54,4.875
2023-04-21,,4.83,4.75,5.0,4.17,3.57,4.875
2023-04-22,,4.83,4.75,5.0,,,4.875
2023-04-23,,4.83,4.75,5.0,,,4.875
2023-04-24,,4.83,4.75,5.0,4.12,3.52,4.875
2023-04-25,,4.83,4.75,5.0,3.86,3.4,4.875
2023-04-26,,4.83,4.75,5.0,3.9,3.43,4.875
2023-04-27,,4.83,4.75,5.0,4.07,3.53,4.875
2023-04-28,,4.83,4.75,5.0,4.04,3.44,4.875
2023-04-29,,4.83,4.75,5.0,,,4.875
2023-04-30,,4.83,4.75,5.0,,,4.875
2023-05-01,5.06,4.83,4.75,5.0,4.14,3.59,4.875
2023-05-02,,4.83,4.75,5.0,3.97,3.44,4.875
2023-05-03,,4.83,4.75,5.0,3.89,3.38,4.875
2023-05-04,,5.08,5.0,5.25,3.75,3.37,5.125
2023-05-05,,5.08,5.0,5.25,3.92,3.44,5.125
2023-05-06,,5.08,5.0,5.25,,,5.125
2023-05-07,,5.08,5.0,5.25,,,5.125
2023-05-08,,5.08,5.0,5.25,4.0,3.52,5.125
2023-05-09,,5.08,5.0,5.25,4.01,3.53,5.125
2023-05-10,,5.08,5.0,5.25,3.9,3.43,5.125
2023-05-11,,5.08,5.0,5.25,3.89,3.39,5.125
2023-05-12,,5.08,5.0,5.25,3.98,3.46,5.125
2023-05-13,,5.08,5.0,5.25,,,5.125
2023-05-14,,5.08,5.0,5.25,,,5.125
2023-05-15,,5.08,5.0,5.25,3.99,3.5,5.125
2023-05-16,,5.08,5.0,5.25,4.06,3.54,5.125
2023-05-17,,5.08,5.0,5.25,4.12,3.57,5.125
2023-05-18,,5.08,5.0,5.25,4.24,3.65,5.125
2023-05-19,,5.08,5.0,5.25,4.28,3.7,5.125
2023-05-20,,5.08,5.0,5.25,,,5.125
2023-05-21,,5.08,5.0,5.25,,,5.125
2023-05-22,,5.08,5.0,5.25,4.29,3.72,5.125
2023-05-23,,5.08,5.0,5.25,4.26,3.7,5.125
2023-05-24,,5.08,5.0,5.25,4.31,3.73,5.125
2023-05-25,,5.08,5.0,5.25,4.5,3.83,5.125
2023-05-26,,5.08,5.0,5.25,4.54,3.8,5.125
2023-05-27,,5.08,5.0,5.25,,,5.125
2023-05-28,,5.08,5.0,5.25,,,5.125
2023-05-29,,5.08,5.0,5.25,,,5.125
2023-05-30,,5.08,5.0,5.25,4.46,3.69,5.125
2023-05-31,,5.08,5.0,5.25,4.4,3.64,5.125
2023-06-01,5.08,5.08,5.0,5.25,4.33,3.61,5.125
2023-06-02,,5.08,5.0,5.25,4.5,3.69,5.125
2023-06-03,,5.08,5.0,5.25,,,5.125
2023-06-04,,5.08,5.0,5.25,,,5.125
2023-06-05,,5.08,5.0,5.25,4.46,3.69,5.125
2023-06-06,,5.08,5.0,5.25,4.51,3.7,5.125
2023-06-07,,5.08,5.0,5.25,4.56,3.79,5.125
2023-06-08,,5.08,5.0,5.25,4.52,3.73,5.125
2023-06-09,,5.08,5.0,5.25,4.59,3.75,5.125
2023-06-10,,5.08,5.0,5.25,,,5.125
2023-06-11,,5.08,5.0,5.25,,,5.125
2023-06-12,,5.08,5.0,5.25,4.55,3.73,5.125
2023-06-13,,5.08,5.0,5.25,4.67,3.84,5.125
2023-06-14,,5.08,5.0,5.25,4.74,3.83,5.125
2023-06-15,,5.07,5.0,5.25,4.62,3.72,5.125
2023-06-16,,5.08,5.0,5.25,4.7,3.77,5.125
2023-06-17,,5.08,5.0,5.25,,,5.125
2023-06-18,,5.08,5.0,5.25,,,5.125
2023-06-19,,5.08,5.0,5.25,,,5.125
2023-06-20,,5.07,5.0,5.25,4.68,3.74,5.125
2023-06-21,,5.07,5.0,5.25,4.68,3.72,5.125
2023-06-22,,5.07,5.0,5.25,4.77,3.8,5.125
2023-06-23,,5.07,5.0,5.25,4.71,3.74,5.125
2023-06-24,,5.07,5.0,5.25,,,5.125
2023-06-25,,5.07,5.0,5.25,,,5.125
2023-06-26,,5.07,5.0,5.25,4.65,3.72,5.125
2023-06-27,,5.07,5.0,5.25,4.74,3.77,5.125
2023-06-28,,5.07,5.0,5.25,4.71,3.71,5.125
2023-06-29,,5.07,5.0,5.25,4.87,3.85,5.125
2023-06-30,,5.08,5.0,5.25,4.87,3.81,5.125
2023-07-01,5.12,5.08,5.0,5.25,,,5.125
2023-07-02,,5.08,5.0,5.25,,,5.125
2023-07-03,,5.08,5.0,5.25,4.94,3.86,5.125
2023-07-04,,5.08,5.0,5.25,,,5.125
2023-07-05,,5.08,5.0,5.25,4.94,3.95,5.125
2023-07-06,,5.08,5.0,5.25,4.99,4.05,5.125
2023-07-07,,5.08,5.0,5.25,4.94,4.06,5.125
2023-07-08,,5.08,5.0,5.25,,,5.125
2023-07-09,,5.08,5.0,5.25,,,5.125
2023-07-10,,5.07,5.0,5.25,4.85,4.01,5.125
2023-07-11,,5.08,5.0,5.25,4.88,3.99,5.125
2023-07-12,,5.08,5.0,5.25,4.72,3.86,5.125
2023-07-13,,5.08,5.0,5.25,4.59,3.76,5.125
2023-07-14,,5.08,5.0,5.25,4.74,3.83,5.125
2023-07-15,,5.08,5.0,5.25,,,5.125
2023-07-16,,5.08,5.0,5.25,,,5.125
2023-07-17,,5.08,5.0,5.25,4.74,3.81,5.125
2023-07-18,,5.08,5.0,5.25,4.74,3.8,5.125
2023-07-19,,5.08,5.0,5.25,4.74,3.75,5.125
2023-07-20,,5.08,5.0,5.25,4.8,3.85,5.125
2023-07-21,,5.08,5.0,5.25,4.82,3.84,5.125
2023-07-22,,5.08,5.0,5.25,,,5.125
2023-07-23,,5.08,5.0,5.25,,,5.125
2023-07-24,,5.08,5.0,5.25,4.81,3.86,5.125
2023-07-25,,5.08,5.0,5.25,4.85,3.91,5.125
2023-07-26,,5.08,5.0,5.25,4.82,3.86,5.125
2023-07-27,,5.33,5.25,5.5,4.91,4.01,5.375
2023-07-28,,5.33,5.25,5.5,4.87,3.96,5.375
2023-07-29,,5.33,5.25,5.5,,,5.375
2023-07-30,,5.33,5.25,5.5,,,5.375
2023-07-31,,5.33,5.25,5.5,4.88,3.97,5.375
2023-08-01,5.33,5.33,5.25,5.5,4.92,4.05,5.375
2023-08-02,,5.33,5.25,5.5,4.88,4.08,5.375
2023-08-03,,5.33,5.25,5.5,4.9,4.2,5.375
2023-08-04,,5.33,5.25,5.5,4.78,4.05,5.375
2023-08-05,,5.33,5.25,5.5,,,5.375
2023-08-06,,5.33,5.25,5.5,,,5.375
2023-08-07,,5.33,5.25,5.5,4.76,4.09,5.375
2023-08-08,,5.33,5.25,5.5,4.74,4.02,5.375
2023-08-09,,5.33,5.25,5.5,4.79,4.0,5.375
2023-08-10,,5.33,5.25,5.5,4.82,4.09,5.375
2023-08-11,,5.33,5.25,5.5,4.89,4.16,5.375
2023-08-12,,5.33,5.25,5.5,,,5.375
2023-08-13,,5.33,5.25,5.5,,,5.375
2023-08-14,,5.33,5.25,5.5,4.96,4.19,5.375
2023-08-15,,5.33,5.25,5.5,4.92,4.21,5.375
2023-08-16,,5.33,5.25,5.5,4.97,4.28,5.375
2023-08-17,,5.33,5.25,5.5,4.94,4.3,5.375
2023-08-18,,5.33,5.25,5.5,4.92,4.26,5.375
2023-08-19,,5.33,5.25,5.5,,,5.375
2023-08-20,,5.33,5.25,5.5,,,5.375
2023-08-21,,5.33,5.25,5.5,4.97,4.34,5.375
2023-08-22,,5.33,5.25,5.5,5.02,4.34,5.375
2023-08-23,,5.33,5.25,5.5,4.95,4.19,5.375
2023-08-24,,5.33,5.25,5.5,4.98,4.23,5.375
2023-08-25,,5.33,5.25,5.5,5.03,4.25,5.375
2023-08-26,,5.33,5.25,5.5,,,5.375
2023-08-27,,5.33,5.25,5.5,,,5.375
2023-08-28,,5.33,5.25,5.5,4.98,4.2,5.375
2023-08-29,,5.33,5.25,5.5,4.87,4.12,5.375
2023-08-30,,5.33,5.25,5.5,4.9,4.12,5.375
2023-08-31,,5.33,5.25,5.5,4.85,4.09,5.375
2023-09-01,5.33,5.33,5.25,5.5,4.87,4.18,5.375
2023-09-02,,5.33,5.25,5.5,,,5.375
2023-09-03,,5.33,5.25,5.5,,,5.375
2023-09-04,,5.33,5.25,5.5,,,5.375
2023-09-05,,5.33,5.25,5.5,4.94,4.27,5.375
2023-09-06,,5.33,5.25,5.5,5.01,4.3,5.375
2023-09-07,,5.33,5.25,5.5,4.94,4.27,5.375
2023-09-08,,5.33,5.25,5.5,4.98,4.26,5.375
2023-09-09,,5.33,5.25,5.5,,,5.375
2023-09-10,,5.33,5.25,5.5,,,5.375
2023-09-11,,5.33,5.25,5.5,4.97,4.29,5.375
2023-09-12,,5.33,5.25,5.5,4.98,4.27,5.375
2023-09-13,,5.33,5.25,5.5,4.96,4.25,5.375
2023-09-14,,5.33,5.25,5.5,5.0,4.29,5.375
2023-09-15,,5.33,5.25,5.5,5.02,4.33,5.375
2023-09-16,,5.33,5.25,5.5,,,5.375
2023-09-17,,5.33,5.25,5.5,,,5.375
2023-09-18,,5.33,5.25,5.5,5.05,4.32,5.375
2023-09-19,,5.33,5.25,5.5,5.08,4.37,5.375
2023-09-20,,5.33,5.25,5.5,5.12,4.35,5.375
2023-09-21,,5.33,5.25,5.5,5.12,4.49,5.375
2023-09-22,,5.33,5.25,5.5,5.1,4.44,5.375
2023-09-23,,5.33,5.25,5.5,,,5.375
2023-09-24,,5.33,5.25,5.5,,,5.375
2023-09-25,,5.33,5.25,5.5,5.09,4.55,5.375
2023-09-26,,5.33,5.25,5.5,5.04,4.56,5.375
2023-09-27,,5.33,5.25,5.5,5.1,4.61,5.375
2023-09-28,,5.33,5.25,5.5,5.04,4.59,5.375
2023-09-29,,5.33,5.25,5.5,5.03,4.59,5.375
2023-09-30,,5.33,5.25,5.5,,,5.375
2023-10-01,5.33,5.33,5.25,5.5,,,5.375
2023-10-02,,5.33,5.25,5.5,5.12,4.69,5.375
2023-10-03,,5.33,5.25,5.5,5.15,4.81,5.375
2023-10-04,,5.33,5.25,5.5,5.05,4.73,5.375
2023-10-05,,5.33,5.25,5.5,5.03,4.72,5.375
2023-10-06,,5.33,5.25,5.5,5.08,4.78,5.375
2023-10-07,,5.33,5.25,5.5,,,5.375
2023-10-08,,5.33,5.25,5.5,,,5.375
2023-10-09,,5.33,5.25,5.5,,,5.375
2023-10-10,,5.33,5.25,5.5,4.96,4.66,5.375
2023-10-11,,5.33,5.25,5.5,4.99,4.58,5.375
2023-10-12,,5.33,5.25,5.5,5.06,4.7,5.375
2023-10-13,,5.33,5.25,5.5,5.04,4.63,5.375
2023-10-14,,5.33,5.25,5.5,,,5.375
2023-10-15,,5.33,5.25,5.5,,,5.375
2023-10-16,,5.33,5.25,5.5,5.09,4.71,5.375
2023-10-17,,5.33,5.25,5.5,5.19,4.83,5.375
2023-10-18,,5.33,5.25,5.5,5.19,4.91,5.375
2023-10-19,,5.33,5.25,5.5,5.14,4.98,5.375
2023-10-20,,5.33,5.25,5.5,5.07,4.93,5.375
2023-10-21,,5.33,5.25,5.5,,,5.375
2023-10-22,,5.33,5.25,5.5,,,5.375
2023-10-23,,5.33,5.25,5.5,5.05,4.86,5.375
2023-10-24,,5.33,5.25,5.5,5.02,4.83,5.375
2023-10-25,,5.33,5.25,5.5,5.08,4.95,5.375
2023-10-26,,5.33,5.25,5.5,5.02,4.86,5.375
2023-10-27,,5.33,5.25,5.5,4.99,4.84,5.375
2023-10-28,,5.33,5.25,5.5,,,5.375
2023-10-29,,5.33,5.25,5.5,,,5.375
2023-10-30,,5.33,5.25,5.5,5.03,4.88,5.375
2023-10-31,,5.33,5.25,5.5,5.07,4.88,5.375
2023-11-01,5.33,5.33,5.25,5.5,4.95,4.77,5.375
2023-11-02,,5.33,5.25,5.5,4.98,4.67,5.375
2023-11-03,,5.33,5.25,5.5,4.83,4.57,5.375
2023-11-04,,5.33,5.25,5.5,,,5.375
2023-11-05,,5.33,5.25,5.5,,,5.375
2023-11-06,,5.33,5.25,5.5,4.93,4.67,5.375
2023-11-07,,5.33,5.25,5.5,4.91,4.58,5.375
2023-11-08,,5.33,5.25,5.5,4.93,4.49,5.375
2023-11-09,,5.33,5.25,5.5,5.03,4.62,5.375
2023-11-10,,5.33,5.25,5.5,5.04,4.61,5.375
2023-11-11,,5.33,5.25,5.5,,,5.375
2023-11-12,,5.33,5.25,5.5,,,5.375
2023-11-13,,5.33,5.25,5.5,5.02,4.63,5.375
2023-11-14,,5.33,5.25,5.5,4.8,4.44,5.375
2023-11-15,,5.33,5.25,5.5,4.9,4.53,5.375
2023-11-16,,5.33,5.25,5.5,4.83,4.45,5.375
2023-11-17,,5.33,5.25,5.5,4.88,4.44,5.375
2023-11-18,,5.33,5.25,5.5,,,5.375
2023-11-19,,5.33,5.25,5.5,,,5.375
2023-11-20,,5.33,5.25,5.5,4.89,4.42,5.375
2023-11-21,,5.33,5.25,5.5,4.86,4.41,5.375
2023-11-22,,5.33,5.25,5.5,4.89,4.42,5.375
2023-11-23,,5.33,5.25,5.5,,,5.375
2023-11-24,,5.33,5.25,5.5,4.92,4.47,5.375
2023-11-25,,5.33,5.25,5.5,,,5.375
2023-11-26,,5.33,5.25,5.5,,,5.375
2023-11-27,,5.33,5.25,5.5,4.84,4.39,5.375
2023-11-28,,5.33,5.25,5.5,4.73,4.34,5.375
2023-11-29,,5.33,5.25,5.5,4.64,4.27,5.375
2023-11-30,,5.33,5.25,5.5,4.73,4.37,5.375
2023-12-01,5.33,5.33,5.25,5.5,4.56,4.22,5.375
2023-12-02,,5.33,5.25,5.5,,,5.375
2023-12-03,,5.33,5.25,5.5,,,5.375
2023-12-04,,5.33,5.25,5.5,4.64,4.28,5.375
2023-12-05,,5.33,5.25,5.5,4.57,4.18,5.375
2023-12-06,,5.33,5.25,5.5,4.6,4.12,5.375
2023-12-07,,5.33,5.25,5.5,4.58,4.14,5.375
2023-12-08,,5.33,5.25,5.5,4.71,4.23,5.375
2023-12-09,,5.33,5.25,5.5,,,5.375
2023-12-10,,5.33,5.25,5.5,,,5.375
2023-12-11,,5.33,5.25,5.5,4.71,4.23,5.375
2023-12-12,,5.33,5.25,5.5,4.73,4.2,5.375
2023-12-13,,5.33,5.25,5.5,4.46,4.04,5.375
2023-12-14,,5.33,5.25,5.5,4.37,3.92,5.375
2023-12-15,,5.33,5.25,5.5,4.44,3.91,5.375
2023-12-16,,5.33,5.25,5.5,,,5.375
2023-12-17,,5.33,5.25,5.5,,,5.375
2023-12-18,,5.33,5.25,5.5,4.43,3.95,5.375
2023-12-19,,5.33,5.25,5.5,4.41,3.93,5.375
2023-12-20,,5.33,5.25,5.5,4.34,3.86,5.375
2023-12-21,,5.33,5.25,5.5,4.33,3.89,5.375
2023-12-22,,5.33,5.25,5.5,4.31,3.9,5.375
2023-12-23,,5.33,5.25,5.5,,,5.375
2023-12-24,,5.33,5.25,5.5,,,5.375
2023-12-25,,5.33,5.25,5.5,,,5.375
2023-12-26,,5.33,5.25,5.5,4.26,3.89,5.375
2023-12-27,,5.33,5.25,5.5,4.2,3.79,5.375
2023-12-28,,5.33,5.25,5.5,4.26,3.84,5.375
2023-12-29,,5.33,5.25,5.5,4.23,3.88,5.375
2023-12-30,,5.33,5.25,5.5,,,5.375
2023-12-31,,5.33,5.25,5.5,,,5.375
2024-01-01,5.33,5.33,5.25,5.5,,,5.375
2024-01-02,,5.33,5.25,5.5,4.33,3.95,5.375
2024-01-03,,5.33,5.25,5.5,4.33,3.91,5.375
2024-01-04,,5.33,5.25,5.5,4.38,3.99,5.375
2024-01-05,,5.33,5.25,5.5,4.4,4.05,5.375
2024-01-06,,5.33,5.25,5.5,,,5.375
2024-01-07,,5.33,5.25,5.5,,,5.375
2024-01-08,,5.33,5.25,5.5,4.36,4.01,5.375
2024-01-09,,5.33,5.25,5.5,4.36,4.02,5.375
2024-01-10,,5.33,5.25,5.5,4.37,4.04,5.375
2024-01-11,,5.33,5.25,5.5,4.26,3.98,5.375
2024-01-12,,5.33,5.25,5.5,4.14,3.96,5.375
2024-01-13,,5.33,5.25,5.5,,,5.375
2024-01-14,,5.33,5.25,5.5,,,5.375
2024-01-15,,5.33,5.25,5.5,,,5.375
2024-01-16,,5.33,5.25,5.5,4.22,4.07,5.375
2024-01-17,,5.33,5.25,5.5,4.34,4.1,5.375
2024-01-18,,5.33,5.25,5.5,4.34,4.14,5.375
2024-01-19,,5.33,5.25,5.5,4.39,4.15,5.375
2024-01-20,,5.33,5.25,5.5,,,5.375
2024-01-21,,5.33,5.25,5.5,,,5.375
2024-01-22,,5.33,5.25,5.5,4.37,4.11,5.375
2024-01-23,,5.33,5.25,5.5,4.31,4.14,5.375
2024-01-24,,5.33,5.25,5.5,4.34,4.18,5.375
2024-01-25,,5.33,5.25,5.5,4.28,4.14,5.375
2024-01-26,,5.33,5.25,5.5,4.34,4.15,5.375
2024-01-27,,5.33,5.25,5.5,,,5.375
2024-01-28,,5.33,5.25,5.5,,,5.375
2024-01-29,,5.33,5.25,5.5,4.29,4.08,5.375
2024-01-30,,5.33,5.25,5.5,4.36,4.06,5.375
2024-01-31,,5.33,5.25,5.5,4.27,3.99,5.375
2024-02-01,5.33,5.33,5.25,5.5,4.2,3.87,5.375
2024-02-02,,5.33,5.25,5.5,4.36,4.03,5.375
2024-02-03,,5.33,5.25,5.5,,,5.375
2024-02-04,,5.33,5.25,5.5,,,5.375
2024-02-05,,5.33,5.25,5.5,4.46,4.17,5.375
2024-02-06,,5.33,5.25,5.5,4.39,4.09,5.375
2024-02-07,,5.33,5.25,5.5,4.41,4.09,5.375
2024-02-08,,5.33,5.25,5.5,4.46,4.15,5.375
2024-02-09,,5.33,5.25,5.5,4.48,4.17,5.375
2024-02-10,,5.33,5.25,5.5,,,5.375
2024-02-11,,5.33,5.25,5.5,,,5.375
2024-02-12,,5.33,5.25,5.5,4.46,4.17,5.375
2024-02-13,,5.33,5.25,5.5,4.64,4.31,5.375
2024-02-14,,5.33,5.25,5.5,4.56,4.27,5.375
2024-02-15,,5.33,5.25,5.5,4.56,4.24,5.375
2024-02-16,,5.33,5.25,5.5,4.64,4.3,5.375
2024-02-17,,5.33,5.25,5.5,,,5.375
2024-02-18,,5.33,5.25,5.5,,,5.375
2024-02-19,,5.33,5.25,5.5,,,5.375
2024-02-20,,5.33,5.25,5.5,4.59,4.27,5.375
2024-02-21,,5.33,5.25,5.5,4.64,4.32,5.375
2024-02-22,,5.33,5.25,5.5,4.69,4.33,5.375
2024-02-23,,5.33,5.25,5.5,4.67,4.26,5.375
2024-02-24,,5.33,5.25,5.5,,,5.375
2024-02-25,,5.33,5.25,5.5,,,5.375
2024-02-26,,5.33,5.25,5.5,4.69,4.28,5.375
2024-02-27,,5.33,5.25,5.5,4.7,4.31,5.375
2024-02-28,,5.33,5.25,5.5,4.64,4.27,5.375
2024-02-29,,5.33,5.25,5.5,4.64,4.25,5.375
2024-03-01,5.33,5.33,5.25,5.5,4.54,4.19,5.375
2024-03-02,,5.33,5.25,5.5,,,5.375
2024-03-03,,5.33,5.25,5.5,,,5.375
2024-03-04,,5.33,5.25,5.5,4.61,4.22,5.375
2024-03-05,,5.33,5.25,5.5,4.54,4.13,5.375
2024-03-06,,5.33,5.25,5.5,4.55,4.11,5.375
2024-03-07,,5.33,5.25,5.5,4.5,4.09,5.375
2024-03-08,,5.33,5.25,5.5,4.48,4.09,5.375
2024-03-09,,5.33,5.25,5.5,,,5.375
2024-03-10,,5.33,5.25,5.5,,,5.375
2024-03-11,,5.33,5.25,5.5,4.51,4.1,5.375
2024-03-12,,5.33,5.25,5.5,4.58,4.16,5.375
2024-03-13,,5.33,5.25,5.5,4.61,4.19,5.375
2024-03-14,,5.33,5.25,5.5,4.68,4.29,5.375
2024-03-15,,5.33,5.25,5.5,4.72,4.31,5.375
2024-03-16,,5.33,5.25,5.5,,,5.375
2024-03-17,,5.33,5.25,5.5,,,5.375
2024-03-18,,5.33,5.25,5.5,4.73,4.34,5.375
2024-03-19,,5.33,5.25,5.5,4.68,4.3,5.375
2024-03-20,,5.33,5.25,5.5,4.59,4.27,5.375
2024-03-21,,5.33,5.25,5.5,4.62,4.27,5.375
2024-03-22,,5.33,5.25,5.5,4.59,4.22,5.375
2024-03-23,,5.33,5.25,5.5,,,5.375
2024-03-24,,5.33,5.25,5.5,,,5.375
2024-03-25,,5.33,5.25,5.5,4.54,4.25,5.375
2024-03-26,,5.33,5.25,5.5,4.56,4.24,5.375
2024-03-27,,5.33,5.25,5.5,4.54,4.2,5.375
2024-03-28,,5.33,5.25,5.5,4.59,4.2,5.375
2024-03-29,,5.33,5.25,5.5,,,5.375
2024-03-30,,5.33,5.25,5.5,,,5.375
2024-03-31,,5.33,5.25,5.5,,,5.375
2024-04-01,5.33,5.33,5.25,5.5,4.72,4.33,5.375
2024-04-02,,5.33,5.25,5.5,4.7,4.36,5.375
2024-04-03,,5.33,5.25,5.5,4.68,4.36,5.375
2024-04-04,,5.33,5.25,5.5,4.65,4.31,5.375
2024-04-05,,5.33,5.25,5.5,4.73,4.39,5.375
2024-04-06,,5.33,5.25,5.5,,,5.375
2024-04-07,,5.33,5.25,5.5,,,5.375
2024-04-08,,5.33,5.25,5.5,4.78,4.42,5.375
2024-04-09,,5.33,5.25,5.5,4.74,4.36,5.375
2024-04-10,,5.33,5.25,5.5,4.97,4.55,5.375
2024-04-11,,5.33,5.25,5.5,4.93,4.56,5.375
2024-04-12,,5.33,5.25,5.5,4.88,4.5,5.375
2024-04-13,,5.33,5.25,5.5,,,5.375
2024-04-14,,5.33,5.25,5.5,,,5.375
2024-04-15,,5.33,5.25,5.5,4.93,4.63,5.375
2024-04-16,,5.33,5.25,5.5,4.97,4.67,5.375
2024-04-17,,5.33,5.25,5.5,4.93,4.59,5.375
2024-04-18,,5.33,5.25,5.5,4.98,4.64,5.375
2024-04-19,,5.33,5.25,5.5,4.97,4.62,5.375
2024-04-20,,5.33,5.25,5.5,,,5.375
2024-04-21,,5.33,5.25,5.5,,,5.375
2024-04-22,,5.33,5.25,5.5,4.97,4.62,5.375
2024-04-23,,5.33,5.25,5.5,4.86,4.61,5.375
2024-04-24,,5.33,5.25,5.5,4.89,4.65,5.375
2024-04-25,,5.33,5.25,5.5,4.96,4.7,5.375
2024-04-26,,5.33,5.25,5.5,4.96,4.67,5.375
2024-04-27,,5.33,5.25,5.5,,,5.375
2024-04-28,,5.33,5.25,5.5,,,5.375
2024-04-29,,5.33,5.25,5.5,4.97,4.63,5.375
2024-04-30,,5.33,5.25,5.5,5.04,4.69,5.375
2024-05-01,5.33,5.33,5.25,5.5,4.96,4.63,5.375
2024-05-02,,5.33,5.25,5.5,4.87,4.58,5.375
2024-05-03,,5.33,5.25,5.5,4.81,4.5,5.375
2024-05-04,,5.33,5.25,5.5,,,5.375
2024-05-05,,5.33,5.25,5.5,,,5.375
2024-05-06,,5.33,5.25,5.5,4.82,4.49,5.375
2024-05-07,,5.33,5.25,5.5,4.82,4.47,5.375
2024-05-08,,5.33,5.25,5.5,4.84,4.48,5.375
2024-05-09,,5.33,5.25,5.5,4.8,4.45,5.375
2024-05-10,,5.33,5.25,5.5,4.87,4.5,5.375
2024-05-11,,5.33,5.25,5.5,,,5.375
2024-05-12,,5.33,5.25,5.5,,,5.375
2024-05-13,,5.33,5.25,5.5,4.85,4.48,5.375
2024-05-14,,5.33,5.25,5.5,4.81,4.45,5.375
2024-05-15,,5.33,5.25,5.5,4.73,4.36,5.375
2024-05-16,,5.33,5.25,5.5,4.78,4.38,5.375
2024-05-17,,5.33,5.25,5.5,4.83,4.42,5.375
2024-05-18,,5.33,5.25,5.5,,,5.375
2024-05-19,,5.33,5.25,5.5,,,5.375
2024-05-20,,5.33,5.25,5.5,4.82,4.44,5.375
2024-05-21,,5.33,5.25,5.5,4.82,4.41,5.375
2024-05-22,,5.33,5.25,5.5,4.86,4.43,5.375
2024-05-23,,5.33,5.25,5.5,4.91,4.47,5.375
2024-05-24,,5.33,5.25,5.5,4.93,4.46,5.375
2024-05-25,,5.33,5.25,5.5,,,5.375
2024-05-26,,5.33,5.25,5.5,,,5.375
2024-05-27,,5.33,5.25,5.5,,,5.375
2024-05-28,,5.33,5.25,5.5,4.94,4.54,5.375
2024-05-29,,5.33,5.25,5.5,4.96,4.61,5.375
2024-05-30,,5.33,5.25,5.5,4.92,4.55,5.375
2024-05-31,,5.33,5.25,5.5,4.89,4.51,5.375
2024-06-01,5.33,5.33,5.25,5.5,,,5.375
2024-06-02,,5.33,5.25,5.5,,,5.375
2024-06-03,,5.33,5.25,5.5,4.82,4.41,5.375
2024-06-04,,5.33,5.25,5.5,4.77,4.33,5.375
2024-06-05,,5.33,5.25,5.5,4.72,4.29,5.375
2024-06-06,,5.33,5.25,5.5,4.72,4.28,5.375
2024-06-07,,5.33,5.25,5.5,4.87,4.43,5.375
2024-06-08,,5.33,5.25,5.5,,,5.375
2024-06-09,,5.33,5.25,5.5,,,5.375
2024-06-10,,5.33,5.25,5.5,4.87,4.47,5.375
2024-06-11,,5.33,5.25,5.5,4.81,4.39,5.375
2024-06-12,,5.33,5.25,5.5,4.75,4.31,5.375
2024-06-13,,5.33,5.25,5.5,4.68,4.24,5.375
2024-06-14,,5.33,5.25,5.5,4.67,4.2,5.375
2024-06-15,,5.33,5.25,5.5,,,5.375
2024-06-16,,5.33,5.25,5.5,,,5.375
2024-06-17,,5.33,5.25,5.5,4.75,4.28,5.375
2024-06-18,,5.33,5.25,5.5,4.69,4.22,5.375
2024-06-19,,5.33,5.25,5.5,,,5.375
2024-06-20,,5.33,5.25,5.5,4.7,4.25,5.375
2024-06-21,,5.33,5.25,5.5,4.7,4.25,5.375
2024-06-22,,5.33,5.25,5.5,,,5.375
2024-06-23,,5.33,5.25,5.5,,,5.375
2024-06-24,,5.33,5.25,5.5,4.71,4.25,5.375
2024-06-25,,5.33,5.25,5.5,4.65,4.23,5.375
2024-06-26,,5.33,5.25,5.5,4.71,4.32,5.375
2024-06-27,,5.33,5.25,5.5,4.7,4.29,5.375
2024-06-28,,5.33,5.25,5.5,4.71,4.36,5.375
2024-06-29,,5.33,5.25,5.5,,,5.375
2024-06-30,,5.33,5.25,5.5,,,5.375
2024-07-01,5.33,5.33,5.25,5.5,4.77,4.48,5.375
2024-07-02,,5.33,5.25,5.5,4.74,4.43,5.375
2024-07-03,,5.33,5.25,5.5,4.71,4.36,5.375
2024-07-04,,5.33,5.25,5.5,,,5.375
2024-07-05,,5.33,5.25,5.5,4.6,4.28,5.375
2024-07-06,,5.33,5.25,5.5,,,5.375
2024-07-07,,5.33,5.25,5.5,,,5.375
2024-07-08,,5.33,5.25,5.5,4.62,4.28,5.375
2024-07-09,,5.33,5.25,5.5,4.62,4.3,5.375
2024-07-10,,5.33,5.25,5.5,4.62,4.28,5.375
2024-07-11,,5.33,5.25,5.5,4.5,4.2,5.375
2024-07-12,,5.33,5.25,5.5,4.45,4.18,5.375
2024-07-13,,5.33,5.25,5.5,,,5.375
2024-07-14,,5.33,5.25,5.5,,,5.375
2024-07-15,,5.33,5.25,5.5,4.44,4.23,5.375
2024-07-16,,5.33,5.25,5.5,4.43,4.17,5.375
2024-07-17,,5.33,5.25,5.5,4.42,4.16,5.375
2024-07-18,,5.33,5.25,5.5,4.46,4.2,5.375
2024-07-19,,5.33,5.25,5.5,4.49,4.25,5.375
2024-07-20,,5.33,5.25,5.5,,,5.375
2024-07-21,,5.33,5.25,5.5,,,5.375
2024-07-22,,5.33,5.25,5.5,4.5,4.26,5.375
2024-07-23,,5.33,5.25,5.5,4.4,4.25,5.375
2024-07-24,,5.33,5.25,5.5,4.37,4.28,5.375
2024-07-25,,5.33,5.25,5.5,4.41,4.27,5.375
2024-07-26,,5.33,5.25,5.5,4.36,4.2,5.375
2024-07-27,,5.33,5.25,5.5,,,5.375
2024-07-28,,5.33,5.25,5.5,,,5.375
2024-07-29,,5.33,5.25,5.5,4.36,4.17,5.375
2024-07-30,,5.33,5.25,5.5,4.35,4.15,5.375
2024-07-31,,5.33,5.25,5.5,4.29,4.09,5.375
2024-08-01,5.33,5.33,5.25,5.5,4.16,3.99,5.375
2024-08-02,,5.33,5.25,5.5,3.88,3.8,5.375
2024-08-03,,5.33,5.25,5.5,,,5.375
2024-08-04,,5.33,5.25,5.5,,,5.375
2024-08-05,,5.33,5.25,5.5,3.89,3.78,5.375
2024-08-06,,5.33,5.25,5.5,3.99,3.9,5.375
2024-08-07,,5.33,5.25,5.5,4.0,3.96,5.375
2024-08-08,,5.33,5.25,5.5,4.04,3.99,5.375
2024-08-09,,5.33,5.25,5.5,4.05,3.94,5.375
2024-08-10,,5.33,5.25,5.5,,,5.375
2024-08-11,,5.33,5.25,5.5,,,5.375
2024-08-12,,5.33,5.25,5.5,4.01,3.9,5.375
2024-08-13,,5.33,5.25,5.5,3.93,3.85,5.375
2024-08-14,,5.33,5.25,5.5,3.94,3.83,5.375
2024-08-15,,5.33,5.25,5.5,4.08,3.92,5.375
2024-08-16,,5.33,5.25,5.5,4.06,3.89,5.375
2024-08-17,,5.33,5.25,5.5,,,5.375
2024-08-18,,5.33,5.25,5.5,,,5.375
2024-08-19,,5.33,5.25,5.5,4.06,3.86,5.375
2024-08-20,,5.33,5.25,5.5,3.99,3.82,5.375
2024-08-21,,5.33,5.25,5.5,3.92,3.79,5.375
2024-08-22,,5.33,5.25,5.5,3.99,3.86,5.375
2024-08-23,,5.33,5.25,5.5,3.9,3.81,5.375
2024-08-24,,5.33,5.25,5.5,,,5.375
2024-08-25,,5.33,5.25,5.5,,,5.375
2024-08-26,,5.33,5.25,5.5,3.91,3.82,5.375
2024-08-27,,5.33,5.25,5.5,3.83,3.83,5.375
2024-08-28,,5.33,5.25,5.5,3.83,3.84,5.375
2024-08-29,,5.33,5.25,5.5,3.87,3.87,5.375
2024-08-30,,5.33,5.25,5.5,3.91,3.91,5.375
2024-08-31,,5.33,5.25,5.5,,,5.375
2024-09-01,5.13,5.33,5.25,5.5,,,5.375
2024-09-02,,5.33,5.25,5.5,,,5.375
2024-09-03,,5.33,5.25,5.5,3.88,3.84,5.375
2024-09-04,,5.33,5.25,5.5,3.76,3.77,5.375
2024-09-05,,5.33,5.25,5.5,3.75,3.73,5.375
2024-09-06,,5.33,5.25,5.5,3.66,3.72,5.375
2024-09-07,,5.33,5.25,5.5,,,5.375
2024-09-08,,5.33,5.25,5.5,,,5.375
2024-09-09,,5.33,5.25,5.5,3.68,3.7,5.375
2024-09-10,,5.33,5.25,5.5,3.59,3.65,5.375
2024-09-11,,5.33,5.25,5.5,3.62,3.65,5.375
2024-09-12,,5.33,5.25,5.5,3.64,3.68,5.375
2024-09-13,,5.33,5.25,5.5,3.57,3.66,5.375
2024-09-14,,5.33,5.25,5.5,,,5.375
2024-09-15,,5.33,5.25,5.5,,,5.375
2024-09-16,,5.33,5.25,5.5,3.56,3.63,5.375
2024-09-17,,5.33,5.25,5.5,3.59,3.65,5.375
2024-09-18,,5.33,5.25,5.5,3.61,3.7,5.375
2024-09-19,,4.83,4.75,5.0,3.59,3.73,4.875
2024-09-20,,4.83,4.75,5.0,3.55,3.73,4.875
2024-09-21,,4.83,4.75,5.0,,,4.875
2024-09-22,,4.83,4.75,5.0,,,4.875
2024-09-23,,4.83,4.75,5.0,3.57,3.75,4.875
2024-09-24,,4.83,4.75,5.0,3.49,3.74,4.875
2024-09-25,,4.83,4.75,5.0,3.53,3.79,4.875
2024-09-26,,4.83,4.75,5.0,3.6,3.79,4.875
2024-09-27,,4.83,4.75,5.0,3.55,3.75,4.875
2024-09-28,,4.83,4.75,5.0,,,4.875
2024-09-29,,4.83,4.75,5.0,,,4.875
2024-09-30,,4.83,4.75,5.0,3.66,3.81,4.875
2024-10-01,4.83,4.83,4.75,5.0,3.61,3.74,4.875
2024-10-02,,4.83,4.75,5.0,3.63,3.79,4.875
2024-10-03,,4.83,4.75,5.0,3.7,3.85,4.875
2024-10-04,,4.83,4.75,5.0,3.93,3.98,4.875
2024-10-05,,4.83,4.75,5.0,,,4.875
2024-10-06,,4.83,4.75,5.0,,,4.875
2024-10-07,,4.83,4.75,5.0,3.99,4.03,4.875
2024-10-08,,4.83,4.75,5.0,3.98,4.04,4.875
2024-10-09,,4.83,4.75,5.0,3.99,4.06,4.875
2024-10-10,,4.83,4.75,5.0,3.98,4.09,4.875
2024-10-11,,4.83,4.75,5.0,3.95,4.08,4.875
2024-10-12,,4.83,4.75,5.0,,,4.875
2024-10-13,,4.83,4.75,5.0,,,4.875
2024-10-14,,4.83,4.75,5.0,,,4.875
2024-10-15,,4.83,4.75,5.0,3.95,4.03,4.875
2024-10-16,,4.83,4.75,5.0,3.93,4.02,4.875
2024-10-17,,4.83,4.75,5.0,3.96,4.09,4.875
2024-10-18,,4.83,4.75,5.0,3.95,4.08,4.875
2024-10-19,,4.83,4.75,5.0,,,4.875
2024-10-20,,4.83,4.75,5.0,,,4.875
2024-10-21,,4.83,4.75,5.0,4.02,4.19,4.875
2024-10-22,,4.83,4.75,5.0,4.03,4.2,4.875
2024-10-23,,4.83,4.75,5.0,4.07,4.24,4.875
2024-10-24,,4.83,4.75,5.0,4.07,4.21,4.875
2024-10-25,,4.83,4.75,5.0,4.11,4.25,4.875
2024-10-26,,4.83,4.75,5.0,,,4.875
2024-10-27,,4.83,4.75,5.0,,,4.875
2024-10-28,,4.83,4.75,5.0,4.12,4.28,4.875
2024-10-29,,4.83,4.75,5.0,4.11,4.28,4.875
2024-10-30,,4.83,4.75,5.0,4.15,4.29,4.875
2024-10-31,,4.83,4.75,5.0,4.16,4.28,4.875
2024-11-01,4.64,4.83,4.75,5.0,4.21,4.37,4.875
2024-11-02,,4.83,4.75,5.0,,,4.875
2024-11-03,,4.83,4.75,5.0,,,4.875
2024-11-04,,4.83,4.75,5.0,4.17,4.31,4.875
2024-11-05,,4.83,4.75,5.0,4.19,4.26,4.875
2024-11-06,,4.83,4.75,5.0,4.27,4.42,4.875
2024-11-07,,4.83,4.75,5.0,4.21,4.31,4.875
2024-11-08,,4.58,4.5,4.75,4.26,4.3,4.625
2024-11-09,,4.58,4.5,4.75,,,4.625
2024-11-10,,4.58,4.5,4.75,,,4.625
2024-11-11,,4.58,4.5,4.75,,,4.625
2024-11-12,,4.58,4.5,4.75,4.34,4.43,4.625
2024-11-13,,4.58,4.5,4.75,4.27,4.44,4.625
2024-11-14,,4.58,4.5,4.75,4.34,4.43,4.625
2024-11-15,,4.58,4.5,4.75,4.31,4.43,4.625
2024-11-16,,4.58,4.5,4.75,,,4.625
2024-11-17,,4.58,4.5,4.75,,,4.625
2024-11-18,,4.58,4.5,4.75,4.29,4.42,4.625
2024-11-19,,4.58,4.5,4.75,4.27,4.39,4.625
2024-11-20,,4.58,4.5,4.75,4.31,4.41,4.625
2024-11-21,,4.58,4.5,4.75,4.34,4.43,4.625
2024-11-22,,4.58,4.5,4.75,4.37,4.41,4.625
2024-11-23,,4.58,4.5,4.75,,,4.625
2024-11-24,,4.58,4.5,4.75,,,4.625
2024-11-25,,4.58,4.5,4.75,4.21,4.27,4.625
2024-11-26,,4.58,4.5,4.75,4.21,4.3,4.625
2024-11-27,,4.58,4.5,4.75,4.19,4.25,4.625
2024-11-28,,4.58,4.5,4.75,,,4.625
2024-11-29,,4.58,4.5,4.75,4.13,4.18,4.625
2024-11-30,,4.58,4.5,4.75,,,4.625
2024-12-01,4.48,4.58,4.5,4.75,,,4.625
2024-12-02,,4.58,4.5,4.75,4.17,4.19,4.625
2024-12-03,,4.58,4.5,4.75,4.17,4.23,4.625
2024-12-04,,4.58,4.5,4.75,4.13,4.19,4.625
2024-12-05,,4.58,4.5,4.75,4.15,4.17,4.625
2024-12-06,,4.58,4.5,4.75,4.1,4.15,4.625
2024-12-07,,4.58,4.5,4.75,,,4.625
2024-12-08,,4.58,4.5,4.75,,,4.625
2024-12-09,,4.58,4.5,4.75,4.13,4.2,4.625
2024-12-10,,4.58,4.5,4.75,4.15,4.22,4.625
2024-12-11,,4.58,4.5,4.75,4.15,4.26,4.625
2024-12-12,,4.58,4.5,4.75,4.18,4.32,4.625
2024-12-13,,4.58,4.5,4.75,4.25,4.4,4.625
2024-12-14,,4.58,4.5,4.75,,,4.625
2024-12-15,,4.58,4.5,4.75,,,4.625
2024-12-16,,4.58,4.5,4.75,4.25,4.39,4.625
2024-12-17,,4.58,4.5,4.75,4.25,4.4,4.625
2024-12-18,,4.58,4.5,4.75,4.35,4.5,4.625
2024-12-19,,4.33,4.25,4.5,4.32,4.57,4.375
2024-12-20,,4.33,4.25,4.5,4.3,4.52,4.375
2024-12-21,,4.33,4.25,4.5,,,4.375
2024-12-22,,4.33,4.25,4.5,,,4.375
2024-12-23,,4.33,4.25,4.5,4.3,4.59,4.375
2024-12-24,,4.33,4.25,4.5,4.29,4.59,4.375
2024-12-25,,4.33,4.25,4.5,,,4.375
2024-12-26,,4.33,4.25,4.5,4.3,4.58,4.375
2024-12-27,,4.33,4.25,4.5,4.31,4.62,4.375
2024-12-28,,4.33,4.25,4.5,,,4.375
2024-12-29,,4.33,4.25,4.5,,,4.375
2024-12-30,,4.33,4.25,4.5,4.24,4.55,4.375
2024-12-31,,4.33,4.25,4.5,4.25,4.58,4.375
2025-01-01,4.33,4.33,4.25,4.5,,,4.375
2025-01-02,,4.33,4.25,4.5,4.25,4.57,4.375
2025-01-03,,4.33,4.25,4.5,4.28,4.6,4.375
2025-01-04,,4.33,4.25,4.5,,,4.375
2025-01-05,,4.33,4.25,4.5,,,4.375
2025-01-06,,4.33,4.25,4.5,4.28,4.62,4.375
2025-01-07,,4.33,4.25,4.5,4.3,4.67,4.375
2025-01-08,,4.33,4.25,4.5,4.28,4.67,4.375
2025-01-09,,4.33,4.25,4.5,4.27,4.68,4.375
2025-01-10,,4.33,4.25,4.5,4.4,4.77,4.375
2025-01-11,,4.33,4.25,4.5,,,4.375
2025-01-12,,4.33,4.25,4.5,,,4.375
2025-01-13,,4.33,4.25,4.5,4.4,4.79,4.375
2025-01-14,,4.33,4.25,4.5,4.37,4.78,4.375
2025-01-15,,4.33,4.25,4.5,4.27,4.66,4.375
2025-01-16,,4.33,4.25,4.5,4.23,4.61,4.375
2025-01-17,,4.33,4.25,4.5,4.27,4.61,4.375
2025-01-18,,4.33,4.25,4.5,,,4.375
2025-01-19,,4.33,4.25,4.5,,,4.375
2025-01-20,,4.33,4.25,4.5,,,4.375
2025-01-21,,4.33,4.25,4.5,4.29,4.57,4.375
2025-01-22,,4.33,4.25,4.5,4.29,4.6,4.375
2025-01-23,,4.33,4.25,4.5,4.29,4.65,4.375
2025-01-24,,4.33,4.25,4.5,4.27,4.63,4.375
2025-01-25,,4.33,4.25,4.5,,,4.375
2025-01-26,,4.33,4.25,4.5,,,4.375
2025-01-27,,4.33,4.25,4.5,4.17,4.53,4.375
2025-01-28,,4.33,4.25,4.5,4.19,4.55,4.375
2025-01-29,,4.33,4.25,4.5,4.21,4.55,4.375
2025-01-30,,4.33,4.25,4.5,4.18,4.52,4.375
2025-01-31,,4.33,4.25,4.5,4.22,4.58,4.375
2025-02-01,4.33,4.33,4.25,4.5,,,4.375
2025-02-02,,4.33,4.25,4.5,,,4.375
2025-02-03,,4.33,4.25,4.5,4.26,4.54,4.375
2025-02-04,,4.33,4.25,4.5,4.21,4.52,4.375
2025-02-05,,4.33,4.25,4.5,4.17,4.43,4.375
2025-02-06,,4.33,4.25,4.5,4.21,4.45,4.375
2025-02-07,,4.33,4.25,4.5,4.29,4.49,4.375
2025-02-08,,4.33,4.25,4.5,,,4.375
2025-02-09,,4.33,4.25,4.5,,,4.375
2025-02-10,,4.33,4.25,4.5,4.28,4.51,4.375
2025-02-11,,4.33,4.25,4.5,4.29,4.54,4.375
2025-02-12,,4.33,4.25,4.5,4.36,4.62,4.375
2025-02-13,,4.33,4.25,4.5,4.31,4.52,4.375
2025-02-14,,4.33,4.25,4.5,4.26,4.47,4.375
2025-02-15,,4.33,4.25,4.5,,,4.375
2025-02-16,,4.33,4.25,4.5,,,4.375
2025-02-17,,4.33,4.25,4.5,,,4.375
2025-02-18,,4.33,4.25,4.5,4.29,4.55,4.375
2025-02-19,,4.33,4.25,4.5,4.28,4.53,4.375
2025-02-20,,4.33,4.25,4.5,4.28,4.5,4.375
2025-02-21,,4.33,4.25,4.5,4.19,4.42,4.375
2025-02-22,,4.33,4.25,4.5,,,4.375
2025-02-23,,4.33,4.25,4.5,,,4.375
2025-02-24,,4.33,4.25,4.5,4.13,4.4,4.375
2025-02-25,,4.33,4.25,4.5,4.07,4.3,4.375
2025-02-26,,4.33,4.25,4.5,4.05,4.25,4.375
2025-02-27,,4.33,4.25,4.5,4.07,4.29,4.375
2025-02-28,,4.33,4.25,4.5,3.99,4.24,4.375
2025-03-01,4.33,4.33,4.25,4.5,,,4.375
2025-03-02,,4.33,4.25,4.5,,,4.375
2025-03-03,,4.33,4.25,4.5,3.96,4.16,4.375
2025-03-04,,4.33,4.25,4.5,3.96,4.22,4.375
2025-03-05,,4.33,4.25,4.5,3.99,4.28,4.375
2025-03-06,,4.33,4.25,4.5,3.96,4.29,4.375
2025-03-07,,4.33,4.25,4.5,3.99,4.32,4.375
2025-03-08,,4.33,4.25,4.5,,,4.375
2025-03-09,,4.33,4.25,4.5,,,4.375
2025-03-10,,4.33,4.25,4.5,3.89,4.22,4.375
2025-03-11,,4.33,4.25,4.5,3.94,4.28,4.375
2025-03-12,,4.33,4.25,4.5,4.01,4.32,4.375
2025-03-13,,4.33,4.25,4.5,3.94,4.27,4.375
2025-03-14,,4.33,4.25,4.5,4.02,4.31,4.375
2025-03-15,,4.33,4.25,4.5,,,4.375
2025-03-16,,4.33,4.25,4.5,,,4.375
2025-03-17,,4.33,4.25,4.5,4.06,4.31,4.375
2025-03-18,,4.33,4.25,4.5,4.04,4.29,4.375
2025-03-19,,4.33,4.25,4.5,3.99,4.25,4.375
2025-03-20,,4.33,4.25,4.5,3.95,4.24,4.375
2025-03-21,,4.33,4.25,4.5,3.94,4.25,4.375
2025-03-22,,4.33,4.25,4.5,,,4.375
2025-03-23,,4.33,4.25,4.5,,,4.375
2025-03-24,,4.33,4.25,4.5,4.04,4.34,4.375
2025-03-25,,4.33,4.25,4.5,3.96,4.31,4.375
2025-03-26,,4.33,4.25,4.5,3.98,4.35,4.375
2025-03-27,,4.33,4.25,4.5,3.97,4.38,4.375
2025-03-28,,4.33,4.25,4.5,3.89,4.27,4.375
2025-03-29,,4.33,4.25,4.5,,,4.375
2025-03-30,,4.33,4.25,4.5,,,4.375
2025-03-31,,4.33,4.25,4.5,3.89,4.23,4.375
2025-04-01,4.33,4.33,4.25,4.5,3.87,4.17,4.375
2025-04-02,,4.33,4.25,4.5,3.91,4.2,4.375
2025-04-03,,4.33,4.25,4.5,3.71,4.06,4.375
2025-04-04,,4.33,4.25,4.5,3.68,4.01,4.375
2025-04-05,,4.33,4.25,4.5,,,4.375
2025-04-06,,4.33,4.25,4.5,,,4.375
2025-04-07,,4.33,4.25,4.5,3.73,4.15,4.375
2025-04-08,,4.33,4.25,4.5,3.71,4.26,4.375
2025-04-09,,4.33,4.25,4.5,3.91,4.34,4.375
2025-04-10,,4.33,4.25,4.5,3.84,4.4,4.375
2025-04-11,,4.33,4.25,4.5,3.96,4.48,4.375
2025-04-12,,4.33,4.25,4.5,,,4.375
2025-04-13,,4.33,4.25,4.5,,,4.375
2025-04-14,,4.33,4.25,4.5,3.84,4.38,4.375
2025-04-15,,4.33,4.25,4.5,3.84,4.35,4.375
2025-04-16,,4.33,4.25,4.5,3.77,4.29,4.375
2025-04-17,,4.33,4.25,4.5,3.81,4.34,4.375
2025-04-18,,4.33,4.25,4.5,,,4.375
2025-04-19,,4.33,4.25,4.5,,,4.375
2025-04-20,,4.33,4.25,4.5,,,4.375
2025-04-21,,4.33,4.25,4.5,3.75,4.42,4.375
2025-04-22,,4.33,4.25,4.5,3.76,4.41,4.375
2025-04-23,,4.33,4.25,4.5,3.81,4.4,4.375
2025-04-24,,4.33,4.25,4.5,3.77,4.32,4.375
2025-04-25,,4.33,4.25,4.5,3.74,4.29,4.375
2025-04-26,,4.33,4.25,4.5,,,4.375
2025-04-27,,4.33,4.25,4.5,,,4.375
2025-04-28,,4.33,4.25,4.5,3.67,4.23,4.375
2025-04-29,,4.33,4.25,4.5,3.65,4.19,4.375
2025-04-30,,4.33,4.25,4.5,3.6,4.17,4.375
2025-05-01,4.33,4.33,4.25,4.5,3.7,4.25,4.375
2025-05-02,,4.33,4.25,4.5,3.83,4.33,4.375
2025-05-03,,4.33,4.25,4.5,,,4.375
2025-05-04,,4.33,4.25,4.5,,,4.375
2025-05-05,,4.33,4.25,4.5,3.83,4.36,4.375
2025-05-06,,4.33,4.25,4.5,3.78,4.3,4.375
2025-05-07,,4.33,4.25,4.5,3.78,4.26,4.375
2025-05-08,,4.33,4.25,4.5,3.9,4.37,4.375
2025-05-09,,4.33,4.25,4.5,3.88,4.37,4.375
2025-05-10,,4.33,4.25,4.5,,,4.375
2025-05-11,,4.33,4.25,4.5,,,4.375
2025-05-12,,4.33,4.25,4.5,3.98,4.45,4.375
2025-05-13,,4.33,4.25,4.5,4.02,4.49,4.375
2025-05-14,,4.33,4.25,4.5,4.05,4.53,4.375
2025-05-15,,4.33,4.25,4.5,3.96,4.45,4.375
2025-05-16,,4.33,4.25,4.5,3.98,4.43,4.375
2025-05-17,,4.33,4.25,4.5,,,4.375
2025-05-18,,4.33,4.25,4.5,,,4.375
2025-05-19,,4.33,4.25,4.5,3.97,4.46,4.375
2025-05-20,,4.33,4.25,4.5,3.97,4.48,4.375
2025-05-21,,4.33,4.25,4.5,4.0,4.58,4.375
2025-05-22,,4.33,4.25,4.5,4.0,4.54,4.375
2025-05-23,,4.33,4.25,4.5,4.0,4.51,4.375
2025-05-24,,4.33,4.25,4.5,,,4.375
2025-05-25,,4.33,4.25,4.5,,,4.375
2025-05-26,,4.33,4.25,4.5,,,4.375
2025-05-27,,4.33,4.25,4.5,3.92,4.43,4.375
2025-05-28,,4.33,4.25,4.5,3.96,4.47,4.375
2025-05-29,,4.33,4.25,4.5,3.92,4.43,4.375
2025-05-30,,4.33,4.25,4.5,3.89,4.41,4.375
2025-05-31,,4.33,4.25,4.5,,,4.375
2025-06-01,4.33,4.33,4.25,4.5,,,4.375
2025-06-02,,4.33,4.25,4.5,3.94,4.46,4.375
2025-06-03,,4.33,4.25,4.5,3.96,4.46,4.375
2025-06-04,,4.33,4.25,4.5,3.87,4.37,4.375
2025-06-05,,4.33,4.25,4.5,3.92,4.4,4.375
2025-06-06,,4.33,4.25,4.5,4.04,4.51,4.375
2025-06-07,,4.33,4.25,4.5,,,4.375
2025-06-08,,4.33,4.25,4.5,,,4.375
2025-06-09,,4.33,4.25,4.5,4.01,4.49,4.375
2025-06-10,,4.33,4.25,4.5,4.01,4.47,4.375
2025-06-11,,4.33,4.25,4.5,3.94,4.41,4.375
2025-06-12,,4.33,4.25,4.5,3.9,4.36,4.375
2025-06-13,,4.33,4.25,4.5,3.96,4.41,4.375
2025-06-14,,4.33,4.25,4.5,,,4.375
2025-06-15,,4.33,4.25,4.5,,,4.375
2025-06-16,,4.33,4.25,4.5,3.97,4.46,4.375
2025-06-17,,4.33,4.25,4.5,3.94,4.39,4.375
2025-06-18,,4.33,4.25,4.5,3.94,4.38,4.375
2025-06-19,,4.33,4.25,4.5,,,4.375
2025-06-20,,4.33,4.25,4.5,3.9,4.38,4.375
2025-06-21,,4.33,4.25,4.5,,,4.375
2025-06-22,,4.33,4.25,4.5,,,4.375
2025-06-23,,4.33,4.25,4.5,3.84,4.34,4.375
2025-06-24,,4.33,4.25,4.5,3.75,4.3,4.375
2025-06-25,,4.33,4.25,4.5,3.74,4.29,4.375
2025-06-26,,4.33,4.25,4.5,3.7,4.26,4.375
2025-06-27,,4.33,4.25,4.5,3.73,4.29,4.375
2025-06-28,,4.33,4.25,4.5,,,4.375
2025-06-29,,4.33,4.25,4.5,,,4.375
2025-06-30,,4.33,4.25,4.5,3.72,4.24,4.375
2025-07-01,4.33,4.33,4.25,4.5,3.78,4.26,4.375
2025-07-02,,4.33,4.25,4.5,3.78,4.3,4.375
2025-07-03,,4.33,4.25,4.5,3.88,4.35,4.375
2025-07-04,,4.33,4.25,4.5,,,4.375
2025-07-05,,4.33,4.25,4.5,,,4.375
2025-07-06,,4.33,4.25,4.5,,,4.375
2025-07-07,,4.33,4.25,4.5,3.9,4.4,4.375
2025-07-08,,4.33,4.25,4.5,3.9,4.42,4.375
2025-07-09,,4.33,4.25,4.5,3.86,4.34,4.375
2025-07-10,,4.33,4.25,4.5,3.86,4.35,4.375
2025-07-11,,4.33,4.25,4.5,3.9,4.43,4.375
2025-07-12,,4.33,4.25,4.5,,,4.375
2025-07-13,,4.33,4.25,4.5,,,4.375
2025-07-14,,4.33,4.25,4.5,3.9,4.43,4.375
2025-07-15,,4.33,4.25,4.5,3.95,4.5,4.375
2025-07-16,,4.33,4.25,4.5,3.88,4.46,4.375
2025-07-17,,4.33,4.25,4.5,3.91,4.47,4.375
2025-07-18,,4.33,4.25,4.5,3.88,4.44,4.375
2025-07-19,,4.33,4.25,4.5,,,4.375
2025-07-20,,4.33,4.25,4.5,,,4.375
2025-07-21,,4.33,4.25,4.5,3.85,4.38,4.375
2025-07-22,,4.33,4.25,4.5,3.83,4.35,4.375
2025-07-23,,4.33,4.25,4.5,3.88,4.4,4.375
2025-07-24,,4.33,4.25,4.5,3.91,4.43,4.375
2025-07-25,,4.33,4.25,4.5,3.91,4.4,4.375
2025-07-26,,4.33,4.25,4.5,,,4.375
2025-07-27,,4.33,4.25,4.5,,,4.375
2025-07-28,,4.33,4.25,4.5,3.91,4.42,4.375
2025-07-29,,4.33,4.25,4.5,3.86,4.34,4.375
2025-07-30,,4.33,4.25,4.5,3.94,4.38,4.375
2025-07-31,,4.33,4.25,4.5,3.94,4.37,4.375
2025-08-01,4.33,4.33,4.25,4.5,3.69,4.23,4.375
2025-08-02,,4.33,4.25,4.5,,,4.375
2025-08-03,,4.33,4.25,4.5,,,4.375
2025-08-04,,4.33,4.25,4.5,3.69,4.22,4.375
2025-08-05,,4.33,4.25,4.5,3.72,4.22,4.375
2025-08-06,,4.33,4.25,4.5,3.69,4.22,4.375
2025-08-07,,4.33,4.25,4.5,3.72,4.23,4.375
2025-08-08,,4.33,4.25,4.5,3.76,4.27,4.375
2025-08-09,,4.33,4.25,4.5,,,4.375
2025-08-10,,4.33,4.25,4.5,,,4.375
2025-08-11,,4.33,4.25,4.5,3.76,4.27,4.375
2025-08-12,,4.33,4.25,4.5,3.72,4.29,4.375
2025-08-13,,4.33,4.25,4.5,3.67,4.24,4.375
2025-08-14,,4.33,4.25,4.5,3.74,4.29,4.375
2025-08-15,,4.33,4.25,4.5,3.75,4.33,4.375
2025-08-16,,4.33,4.25,4.5,,,4.375
2025-08-17,,4.33,4.25,4.5,,,4.375
2025-08-18,,4.33,4.25,4.5,3.77,4.34,4.375
2025-08-19,,4.33,4.25,4.5,3.75,4.3,4.375
2025-08-20,,4.33,4.25,4.5,3.74,4.29,4.375
2025-08-21,,4.33,4.25,4.5,3.79,4.33,4.375
2025-08-22,,4.33,4.25,4.5,3.68,4.26,4.375
2025-08-23,,4.33,4.25,4.5,,,4.375
2025-08-24,,4.33,4.25,4.5,,,4.375
2025-08-25,,4.33,4.25,4.5,3.73,4.28,4.375
2025-08-26,,4.33,4.25,4.5,3.61,4.26,4.375
2025-08-27,,4.33,4.25,4.5,3.59,4.24,4.375
2025-08-28,,4.33,4.25,4.5,3.62,4.22,4.375
2025-08-29,,4.33,4.25,4.5,3.59,4.23,4.375
2025-08-30,,4.33,4.25,4.5,,,4.375
2025-08-31,,4.33,4.25,4.5,,,4.375
2025-09-01,4.22,4.33,4.25,4.5,,,4.375
2025-09-02,,4.33,4.25,4.5,3.66,4.28,4.375
2025-09-03,,4.33,4.25,4.5,3.61,4.22,4.375
2025-09-04,,4.33,4.25,4.5,3.59,4.17,4.375
2025-09-05,,4.33,4.25,4.5,3.51,4.1,4.375
2025-09-06,,4.33,4.25,4.5,,,4.375
2025-09-07,,4.33,4.25,4.5,,,4.375
2025-09-08,,4.33,4.25,4.5,3.49,4.05,4.375
2025-09-09,,4.33,4.25,4.5,3.54,4.08,4.375
2025-09-10,,4.33,4.25,4.5,3.54,4.04,4.375
2025-09-11,,4.33,4.25,4.5,3.52,4.01,4.375
2025-09-12,,4.33,4.25,4.5,3.56,4.06,4.375
2025-09-13,,4.33,4.25,4.5,,,4.375
2025-09-14,,4.33,4.25,4.5,,,4.375
2025-09-15,,4.33,4.25,4.5,3.54,4.05,4.375
2025-09-16,,4.33,4.25,4.5,3.51,4.04,4.375
2025-09-17,,4.33,4.25,4.5,3.52,4.06,4.375
2025-09-18,,4.08,4.0,4.25,3.57,4.11,4.125
2025-09-19,,4.08,4.0,4.25,3.57,4.14,4.125
2025-09-20,,4.08,4.0,4.25,,,4.125
2025-09-21,,4.08,4.0,4.25,,,4.125
2025-09-22,,4.09,4.0,4.25,3.61,4.15,4.125
2025-09-23,,4.09,4.0,4.25,3.53,4.12,4.125
2025-09-24,,4.09,4.0,4.25,3.57,4.16,4.125
2025-09-25,,4.09,4.0,4.25,3.64,4.18,4.125
2025-09-26,,4.09,4.0,4.25,3.63,4.2,4.125
2025-09-27,,4.09,4.0,4.25,,,4.125
2025-09-28,,4.09,4.0,4.25,,,4.125
2025-09-29,,4.09,4.0,4.25,3.63,4.15,4.125
2025-09-30,,4.09,4.0,4.25,3.6,4.16,4.125
2025-10-01,4.09,4.09,4.0,4.25,3.55,4.12,4.125
2025-10-02,,4.09,4.0,4.25,3.55,4.1,4.125
2025-10-03,,4.09,4.0,4.25,3.58,4.13,4.125
2025-10-04,,4.09,4.0,4.25,,,4.125
2025-10-05,,4.09,4.0,4.25,,,4.125
2025-10-06,,4.09,4.0,4.25,3.6,4.18,4.125
2025-10-07,,4.09,4.0,4.25,3.57,4.14,4.125
2025-10-08,,4.1,4.0,4.25,3.58,4.13,4.125
2025-10-09,,4.1,4.0,4.25,3.6,4.14,4.125
2025-10-10,,4.1,4.0,4.25,3.52,4.05,4.125
2025-10-11,,4.1,4.0,4.25,,,4.125
2025-10-12,,4.1,4.0,4.25,,,4.125
2025-10-13,,4.1,4.0,4.25,,,4.125
2025-10-14,,4.1,4.0,4.25,3.48,4.03,4.125
2025-10-15,,4.1,4.0,4.25,3.5,4.05,4.125
2025-10-16,,4.11,4.0,4.25,3.41,3.99,4.125
2025-10-17,,4.11,4.0,4.25,3.46,4.02,4.125
2025-10-18,,4.11,4.0,4.25,,,4.125
2025-10-19,,4.11,4.0,4.25,,,4.125
2025-10-20,,4.11,4.0,4.25,3.46,4.0,4.125
2025-10-21,,4.11,4.0,4.25,3.45,3.98,4.125
2025-10-22,,4.11,4.0,4.25,3.45,3.97,4.125
2025-10-23,,4.11,4.0,4.25,3.48,4.01,4.125
2025-10-24,,4.11,4.0,4.25,3.48,4.02,4.125
2025-10-25,,4.11,4.0,4.25,,,4.125
2025-10-26,,4.11,4.0,4.25,,,4.125
2025-10-27,,4.12,4.0,4.25,3.48,4.01,4.125
2025-10-28,,4.12,4.0,4.25,3.47,3.99,4.125
2025-10-29,,4.12,4.0,4.25,3.59,4.08,4.125
2025-10-30,,3.87,3.75,4.0,3.61,4.11,3.875
2025-10-31,,3.86,3.75,4.0,3.6,4.11,3.875
2025-11-01,3.88,3.86,3.75,4.0,,,3.875
2025-11-02,,3.86,3.75,4.0,,,3.875
2025-11-03,,3.87,3.75,4.0,3.6,4.13,3.875
2025-11-04,,3.87,3.75,4.0,3.58,4.1,3.875
2025-11-05,,3.87,3.75,4.0,3.63,4.17,3.875
2025-11-06,,3.87,3.75,4.0,3.57,4.11,3.875
2025-11-07,,3.87,3.75,4.0,3.55,4.11,3.875
2025-11-08,,3.87,3.75,4.0,,,3.875
2025-11-09,,3.87,3.75,4.0,,,3.875
2025-11-10,,3.87,3.75,4.0,3.58,4.13,3.875
2025-11-11,,3.87,3.75,4.0,,,3.875
2025-11-12,,3.87,3.75,4.0,3.56,4.08,3.875
2025-11-13,,3.88,3.75,4.0,3.58,4.11,3.875
2025-11-14,,3.88,3.75,4.0,3.62,4.14,3.875
2025-11-15,,3.88,3.75,4.0,,,3.875
2025-11-16,,3.88,3.75,4.0,,,3.875
2025-11-17,,3.88,3.75,4.0,3.6,4.13,3.875
2025-11-18,,3.88,3.75,4.0,3.58,4.12,3.875
2025-11-19,,3.88,3.75,4.0,3.58,4.13,3.875
2025-11-20,,3.88,3.75,4.0,3.55,4.1,3.875
2025-11-21,,3.88,3.75,4.0,3.51,4.06,3.875
2025-11-22,,3.88,3.75,4.0,,,3.875
2025-11-23,,3.88,3.75,4.0,,,3.875
2025-11-24,,3.88,3.75,4.0,3.46,4.04,3.875
2025-11-25,,3.88,3.75,4.0,3.43,4.01,3.875
2025-11-26,,3.88,3.75,4.0,3.45,4.0,3.875
2025-11-27,,3.88,3.75,4.0,,,3.875
2025-11-28,,3.89,3.75,4.0,3.47,4.02,3.875
2025-11-29,,3.89,3.75,4.0,,,3.875
2025-11-30,,3.89,3.75,4.0,,,3.875
2025-12-01,3.72,3.89,3.75,4.0,3.54,4.09,3.875
2025-12-02,,3.89,3.75,4.0,3.51,4.09,3.875
2025-12-03,,3.89,3.75,4.0,3.49,4.06,3.875
2025-12-04,,3.89,3.75,4.0,3.52,4.11,3.875
2025-12-05,,3.89,3.75,4.0,3.56,4.14,3.875
2025-12-06,,3.89,3.75,4.0,,,3.875
2025-12-07,,3.89,3.75,4.0,,,3.875
2025-12-08,,3.89,3.75,4.0,3.57,4.17,3.875
2025-12-09,,3.89,3.75,4.0,3.61,4.18,3.875
2025-12-10,,3.89,3.75,4.0,3.54,4.13,3.875
2025-12-11,,3.64,3.5,3.75,3.52,4.14,3.625
2025-12-12,,3.64,3.5,3.75,3.52,4.19,3.625
2025-12-13,,3.64,3.5,3.75,,,3.625
2025-12-14,,3.64,3.5,3.75,,,3.625
2025-12-15,,3.64,3.5,3.75,3.51,4.18,3.625
2025-12-16,,3.64,3.5,3.75,3.48,4.15,3.625
2025-12-17,,3.64,3.5,3.75,3.49,4.16,3.625
2025-12-18,,3.64,3.5,3.75,3.46,4.12,3.625
2025-12-19,,3.64,3.5,3.75,3.48,4.16,3.625
2025-12-20,,3.64,3.5,3.75,,,3.625
2025-12-21,,3.64,3.5,3.75,,,3.625
2025-12-22,,3.64,3.5,3.75,3.44,4.17,3.625
2025-12-23,,3.64,3.5,3.75,3.48,4.18,3.625
2025-12-24,,3.64,3.5,3.75,3.47,4.15,3.625
2025-12-25,,3.64,3.5,3.75,,,3.625
2025-12-26,,3.64,3.5,3.75,3.46,4.14,3.625
2025-12-27,,3.64,3.5,3.75,,,3.625
2025-12-28,,3.64,3.5,3.75,,,3.625
2025-12-29,,3.64,3.5,3.75,3.45,4.12,3.625
2025-12-30,,3.64,3.5,3.75,3.45,4.14,3.625
2025-12-31,,3.64,3.5,3.75,3.47,4.18,3.625
2026-01-01,3.64,3.64,3.5,3.75,,,3.625
2026-01-02,,3.64,3.5,3.75,3.47,4.19,3.625
2026-01-03,,3.64,3.5,3.75,,,3.625
2026-01-04,,3.64,3.5,3.75,,,3.625
2026-01-05,,3.64,3.5,3.75,3.46,4.17,3.625
2026-01-06,,3.64,3.5,3.75,3.47,4.18,3.625
2026-01-07,,3.64,3.5,3.75,3.47,4.15,3.625
2026-01-08,,3.64,3.5,3.75,3.49,4.19,3.625
2026-01-09,,3.64,3.5,3.75,3.54,4.18,3.625
2026-01-10,,3.64,3.5,3.75,,,3.625
2026-01-11,,3.64,3.5,3.75,,,3.625
2026-01-12,,3.64,3.5,3.75,3.54,4.19,3.625
2026-01-13,,3.64,3.5,3.75,3.53,4.18,3.625
2026-01-14,,3.64,3.5,3.75,3.51,4.15,3.625
2026-01-15,,3.64,3.5,3.75,3.56,4.17,3.625
2026-01-16,,3.64,3.5,3.75,3.59,4.24,3.625
2026-01-17,,3.64,3.5,3.75,,,3.625
2026-01-18,,3.64,3.5,3.75,,,3.625
2026-01-19,,3.64,3.5,3.75,,,3.625
2026-01-20,,3.64,3.5,3.75,3.6,4.3,3.625
2026-01-21,,3.64,3.5,3.75,3.6,4.26,3.625
2026-01-22,,3.64,3.5,3.75,3.61,4.26,3.625
2026-01-23,,3.64,3.5,3.75,3.6,4.24,3.625
2026-01-24,,3.64,3.5,3.75,,,3.625
2026-01-25,,3.64,3.5,3.75,,,3.625
2026-01-26,,3.64,3.5,3.75,3.56,4.22,3.625
2026-01-27,,3.64,3.5,3.75,3.53,4.24,3.625
2026-01-28,,3.64,3.5,3.75,3.56,4.26,3.625
2026-01-29,,3.64,3.5,3.75,3.53,4.24,3.625
2026-01-30,,3.64,3.5,3.75,3.52,4.26,3.625
2026-01-31,,3.64,3.5,3.75,,,3.625
2026-02-01,3.64,3.64,3.5,3.75,,,3.625
2026-02-02,,3.64,3.5,3.75,3.57,4.29,3.625
2026-02-03,,3.64,3.5,3.75,3.57,4.28,3.625
2026-02-04,,3.64,3.5,3.75,3.57,4.29,3.625
2026-02-05,,3.64,3.5,3.75,3.47,4.21,3.625
2026-02-06,,3.64,3.5,3.75,3.5,4.22,3.625
2026-02-07,,3.64,3.5,3.75,,,3.625
2026-02-08,,3.64,3.5,3.75,,,3.625
2026-02-09,,3.64,3.5,3.75,3.48,4.22,3.625
2026-02-10,,3.64,3.5,3.75,3.45,4.16,3.625
2026-02-11,,3.64,3.5,3.75,3.52,4.18,3.625
2026-02-12,,3.64,3.5,3.75,3.47,4.09,3.625
2026-02-13,,3.64,3.5,3.75,3.4,4.04,3.625
2026-02-14,,3.64,3.5,3.75,,,3.625
2026-02-15,,3.64,3.5,3.75,,,3.625
2026-02-16,,3.64,3.5,3.75,,,3.625
2026-02-17,,3.64,3.5,3.75,3.43,4.05,3.625
2026-02-18,,3.64,3.5,3.75,3.47,4.09,3.625
2026-02-19,,3.64,3.5,3.75,3.47,4.08,3.625
2026-02-20,,3.64,3.5,3.75,3.48,4.08,3.625
2026-02-21,,3.64,3.5,3.75,,,3.625
2026-02-22,,3.64,3.5,3.75,,,3.625
2026-02-23,,3.64,3.5,3.75,3.43,4.03,3.625
2026-02-24,,3.64,3.5,3.75,3.43,4.04,3.625
2026-02-25,,3.64,3.5,3.75,3.45,4.05,3.625
2026-02-26,,3.64,3.5,3.75,3.42,4.02,3.625
2026-02-27,,3.64,3.5,3.75,3.38,3.97,3.625
2026-02-28,,3.64,3.5,3.75,,,3.625
2026-03-01,3.64,3.64,3.5,3.75,,,3.625
2026-03-02,,3.64,3.5,3.75,3.47,4.05,3.625
2026-03-03,,3.64,3.5,3.75,3.51,4.06,3.625
2026-03-04,,3.64,3.5,3.75,3.54,4.09,3.625
2026-03-05,,3.64,3.5,3.75,3.57,4.13,3.625
2026-03-06,,3.64,3.5,3.75,3.56,4.15,3.625
2026-03-07,,3.64,3.5,3.75,,,3.625
2026-03-08,,3.64,3.5,3.75,,,3.625
2026-03-09,,3.64,3.5,3.75,3.56,4.12,3.625
2026-03-10,,3.64,3.5,3.75,3.57,4.15,3.625
2026-03-11,,3.64,3.5,3.75,3.64,4.21,3.625
2026-03-12,,3.64,3.5,3.75,3.76,4.27,3.625
2026-03-13,,3.64,3.5,3.75,3.73,4.28,3.625
2026-03-14,,3.64,3.5,3.75,,,3.625
2026-03-15,,3.64,3.5,3.75,,,3.625
2026-03-16,,3.64,3.5,3.75,3.68,4.23,3.625
2026-03-17,,3.64,3.5,3.75,3.68,4.2,3.625
2026-03-18,,3.64,3.5,3.75,3.76,4.26,3.625
2026-03-19,,3.64,3.5,3.75,3.79,4.25,3.625
2026-03-20,,3.64,3.5,3.75,3.88,4.39,3.625
2026-03-21,,3.64,3.5,3.75,,,3.625
2026-03-22,,3.64,3.5,3.75,,,3.625
2026-03-23,,3.64,3.5,3.75,3.83,4.34,3.625
2026-03-24,,3.64,3.5,3.75,3.9,4.39,3.625
2026-03-25,,3.64,3.5,3.75,3.84,4.33,3.625
2026-03-26,,3.64,3.5,3.75,3.96,4.42,3.625
2026-03-27,,3.64,3.5,3.75,3.88,4.44,3.625
2026-03-28,,3.64,3.5,3.75,,,3.625
2026-03-29,,3.64,3.5,3.75,,,3.625
2026-03-30,,3.64,3.5,3.75,3.82,4.35,3.625
2026-03-31,,3.64,3.5,3.75,3.79,4.3,3.625
2026-04-01,3.64,3.64,3.5,3.75,3.81,4.33,3.625
2026-04-02,,3.64,3.5,3.75,3.79,4.31,3.625
2026-04-03,,3.64,3.5,3.75,3.84,4.35,3.625
2026-04-04,,3.64,3.5,3.75,,,3.625
2026-04-05,,3.64,3.5,3.75,,,3.625
2026-04-06,,3.64,3.5,3.75,3.84,4.34,3.625
2026-04-07,,3.64,3.5,3.75,3.81,4.33,3.625
2026-04-08,,3.64,3.5,3.75,3.79,4.29,3.625
2026-04-09,,3.64,3.5,3.75,3.78,4.29,3.625
2026-04-10,,3.64,3.5,3.75,3.81,4.31,3.625
2026-04-11,,3.64,3.5,3.75,,,3.625
2026-04-12,,3.64,3.5,3.75,,,3.625
2026-04-13,,3.64,3.5,3.75,3.78,4.3,3.625
2026-04-14,,3.64,3.5,3.75,3.76,4.26,3.625
2026-04-15,,3.64,3.5,3.75,3.76,4.29,3.625
2026-04-16,,3.64,3.5,3.75,3.78,4.32,3.625
2026-04-17,,3.64,3.5,3.75,3.71,4.26,3.625
2026-04-18,,3.64,3.5,3.75,,,3.625
2026-04-19,,3.64,3.5,3.75,,,3.625
2026-04-20,,3.64,3.5,3.75,3.72,4.26,3.625
2026-04-21,,3.64,3.5,3.75,3.78,4.3,3.625
2026-04-22,,3.64,3.5,3.75,3.79,4.3,3.625
2026-04-23,,3.64,3.5,3.75,3.83,4.34,3.625
2026-04-24,,3.64,3.5,3.75,3.78,4.31,3.625
2026-04-25,,3.64,3.5,3.75,,,3.625
2026-04-26,,3.64,3.5,3.75,,,3.625
2026-04-27,,3.64,3.5,3.75,3.78,4.35,3.625
2026-04-28,,3.64,3.5,3.75,3.84,4.36,3.625
2026-04-29,,3.64,3.5,3.75,3.92,4.42,3.625
2026-04-30,,3.64,3.5,3.75,3.88,4.4,3.625
2026-05-01,3.63,3.64,3.5,3.75,3.88,4.39,3.625
2026-05-02,,3.64,3.5,3.75,,,3.625
2026-05-03,,3.64,3.5,3.75,,,3.625
2026-05-04,,3.64,3.5,3.75,3.95,4.45,3.625
2026-05-05,,3.64,3.5,3.75,3.93,4.43,3.625
2026-05-06,,3.64,3.5,3.75,3.87,4.36,3.625
2026-05-07,,3.63,3.5,3.75,3.92,4.41,3.625
2026-05-08,,3.63,3.5,3.75,3.9,4.38,3.625
2026-05-09,,3.63,3.5,3.75,,,3.625
2026-05-10,,3.63,3.5,3.75,,,3.625
2026-05-11,,3.63,3.5,3.75,3.95,4.42,3.625
2026-05-12,,3.63,3.5,3.75,4.0,4.46,3.625
2026-05-13,,3.63,3.5,3.75,3.98,4.46,3.625
2026-05-14,,3.63,3.5,3.75,4.0,4.47,3.625
2026-05-15,,3.63,3.5,3.75,4.09,4.59,3.625
2026-05-16,,3.63,3.5,3.75,,,3.625
2026-05-17,,3.63,3.5,3.75,,,3.625
2026-05-18,,3.63,3.5,3.75,4.07,4.61,3.625
2026-05-19,,3.62,3.5,3.75,4.13,4.67,3.625
2026-05-20,,3.62,3.5,3.75,4.04,4.57,3.625
2026-05-21,,3.62,3.5,3.75,4.08,4.57,3.625
2026-05-22,,3.62,3.5,3.75,4.13,4.56,3.625
2026-05-23,,3.62,3.5,3.75,,,3.625
2026-05-24,,3.62,3.5,3.75,,,3.625
2026-05-25,,3.62,3.5,3.75,,,3.625
2026-05-26,,3.62,3.5,3.75,4.01,4.5,3.625
2026-05-27,,3.62,3.5,3.75,4.0,4.48,3.625
2026-05-28,,3.62,3.5,3.75,3.99,4.45,3.625
2026-05-29,,3.62,3.5,3.75,3.98,4.45,3.625
2026-05-30,,3.62,3.5,3.75,,,3.625
2026-05-31,,3.62,3.5,3.75,,,3.625
2026-06-01,3.63,3.62,3.5,3.75,4.05,4.47,3.625
2026-06-02,,3.62,3.5,3.75,4.05,4.46,3.625
2026-06-03,,3.62,3.5,3.75,4.08,4.49,3.625
2026-06-04,,3.62,3.5,3.75,4.05,4.47,3.625
2026-06-05,,3.62,3.5,3.75,4.17,4.55,3.625
2026-06-06,,3.62,3.5,3.75,,,3.625
2026-06-07,,3.62,3.5,3.75,,,3.625
2026-06-08,,3.62,3.5,3.75,4.15,4.56,3.625
2026-06-09,,3.62,3.5,3.75,4.13,4.53,3.625
2026-06-10,,3.62,3.5,3.75,4.13,4.55,3.625
2026-06-11,,3.62,3.5,3.75,4.05,4.45,3.625
2026-06-12,,3.62,3.5,3.75,4.09,4.48,3.625
2026-06-13,,3.62,3.5,3.75,,,3.625
2026-06-14,,3.62,3.5,3.75,,,3.625
2026-06-15,,3.63,3.5,3.75,4.07,4.47,3.625
2026-06-16,,3.63,3.5,3.75,4.05,4.43,3.625
2026-06-17,,3.63,3.5,3.75,4.2,4.49,3.625
2026-06-18,,3.63,3.5,3.75,4.19,4.46,3.625
2026-06-19,,3.63,3.5,3.75,,,3.625
2026-06-20,,3.63,3.5,3.75,,,3.625
2026-06-21,,3.63,3.5,3.75,,,3.625
2026-06-22,,3.63,3.5,3.75,4.24,4.51,3.625
2026-06-23,,3.63,3.5,3.75,4.16,4.5,3.625
2026-06-24,,3.63,3.5,3.75,4.11,4.41,3.625
2026-06-25,,3.63,3.5,3.75,4.09,4.4,3.625
2026-06-26,,3.63,3.5,3.75,4.07,4.38,3.625
2026-06-27,,3.63,3.5,3.75,,,3.625
2026-06-28,,3.63,3.5,3.75,,,3.625
2026-06-29,,3.63,3.5,3.75,4.1,4.38,3.625
2026-06-30,,3.63,3.5,3.75,4.14,4.44,3.625
2026-07-01,3.63,3.63,3.5,3.75,4.17,4.48,3.625
2026-07-02,,3.63,3.5,3.75,4.14,4.49,3.625
2026-07-03,,3.63,3.5,3.75,,,3.625
2026-07-04,,3.63,3.5,3.75,,,3.625
2026-07-05,,3.63,3.5,3.75,,,3.625
2026-07-06,,3.63,3.5,3.75,4.13,4.48,3.625
2026-07-07,,3.63,3.5,3.75,4.19,4.55,3.625
2026-07-08,,3.62,3.5,3.75,4.21,4.56,3.625
2026-07-09,,3.62,3.5,3.75,4.16,4.54,3.625
2026-07-10,,3.62,3.5,3.75,4.21,4.56,3.625
2026-07-11,,3.62,3.5,3.75,,,3.625
2026-07-12,,3.62,3.5,3.75,,,3.625
2026-07-13,,3.62,3.5,3.75,4.26,4.62,3.625
2026-07-14,,3.63,3.5,3.75,4.18,4.58,3.625
2026-07-15,,3.63,3.5,3.75,4.13,4.55,3.625
2026-07-16,,3.63,3.5,3.75,4.16,4.57,3.625
2026-07-17,,3.63,3.5,3.75,4.18,4.55,3.625
2026-07-18,,3.63,3.5,3.75,,,3.625
2026-07-19,,3.63,3.5,3.75,,,3.625
2026-07-20,,3.63,3.5,3.75,4.21,4.6,3.625
2026-07-21,,3.63,3.5,3.75,4.26,4.63,3.625
2026-07-22,,3.63,3.5,3.75,4.31,4.67,3.625
2026-07-23,,3.63,3.5,3.75,4.37,4.71,3.625
2026-07-24,,3.63,3.5,3.75,4.33,4.69,3.625
2026-07-25,,3.63,3.5,3.75,,,3.625
2026-07-26,,3.63,3.5,3.75,,,3.625
2026-07-27,,3.63,3.5,3.75,4.31,4.65,3.625
2026-07-28,,3.63,3.5,3.75,4.26,4.61,3.625
2026-07-29,,3.63,3.5,3.75,4.22,4.67,3.625
2026-07-30,,3.63,3.5,3.75,4.23,4.68,3.625
2026-07-31,,3.63,3.5,3.75,4.28,4.75,3.625
2026-08-01,3.63,3.63,3.5,3.75,,,3.625
2026-08-02,,3.63,3.5,3.75,,,3.625
2026-08-03,,3.63,3.5,3.75,4.25,4.7,3.625
2026-08-04,,3.63,3.5,3.75,4.2,4.63,3.625
2026-08-05,,3.63,3.5,3.75,4.18,4.63,3.625
2026-08-06,,3.63,3.5,3.75,4.25,4.69,3.625
2026-08-07,,3.63,3.5,3.75,4.19,4.65,3.625
2026-08-08,,3.63,3.5,3.75,,,3.625
2026-08-09,,3.63,3.5,3.75,,,3.625
2026-08-10,,3.63,3.5,3.75,4.25,4.72,3.625
2026-08-11,,3.63,3.5,3.75,4.22,4.7,3.625
2026-08-12,,3.63,3.5,3.75,4.2,4.68,3.625
2026-08-13,,3.63,3.5,3.75,4.15,4.63,3.625
2026-08-14,,3.63,3.5,3.75,4.17,4.68,3.625
2026-08-15,,3.63,3.5,3.75,,,3.625
2026-08-16,,3.63,3.5,3.75,,,3.625
2026-08-17,,3.63,3.5,3.75,4.19,4.72,3.625
2026-08-18,,3.63,3.5,3.75,4.19,4.71,3.625
2026-08-19,,3.63,3.5,3.75,4.19,4.65,3.625
2026-08-20,,3.63,3.5,3.75,4.19,4.69,3.625
2026-08-21,,3.63,3.5,3.75,4.24,4.74,3.625
2026-08-22,,3.63,3.5,3.75,,,3.625
2026-08-23,,3.63,3.5,3.75,,,3.625
2026-08-24,,3.63,3.5,3.75,4.24,4.7,3.625
2026-08-25,,3.63,3.5,3.75,4.17,4.64,3.625
2026-08-26,,3.63,3.5,3.75,4.19,4.66,3.625
2026-08-27,,3.63,3.5,3.75,4.2,4.67,3.625
2026-08-28,,3.63,3.5,3.75,4.34,4.73,3.625
2026-08-29,,3.63,3.5,3.75,,,3.625
2026-08-30,,3.63,3.5,3.75,,,3.625
2026-08-31,,3.63,3.5,3.75,4.34,4.75,3.625
2026-09-01,,3.63,3.5,3.75,4.39,4.79,3.625
2026-09-02,,3.63,3.5,3.75,4.39,4.79,3.625
2026-09-03,,3.63,3.5,3.75,4.34,4.77,3.625
2026-09-04,,3.63,3.5,3.75,4.37,4.78,3.625
2026-09-05,,3.63,3.5,3.75,,,3.625
2026-09-06,,3.63,3.5,3.75,,,3.625
2026-09-07,,3.63,3.5,3.75,,,3.625
2026-09-08,,3.63,3.5,3.75,4.39,4.8,3.625
2026-09-09,,3.63,3.5,3.75,4.43,4.83,3.625
2026-09-10,,3.63,3.5,3.75,4.56,4.95,3.625
2026-09-11,,3.63,3.5,3.75,4.63,4.96,3.625
2026-09-12,,3.63,3.5,3.75,,,3.625
2026-09-13,,3.63,3.5,3.75,,,3.625
2026-09-14,,3.63,3.5,3.75,4.65,4.97,3.625
2026-09-15,,3.63,3.5,3.75,4.67,5.0,3.625
2026-09-16,,3.63,3.5,3.75,4.74,5.01,3.625
2026-09-17,,,3.75,4.0,,,3.875
